Eligible rows: 204; already marked X: 341
SKIP: row 2 (Scout ID 688): Resume Created = X
SKIP: row 3 (Scout ID 26): Resume Created = X
SKIP: row 4 (Scout ID 708): Resume Created = X
SKIP: row 5 (Scout ID 701): Resume Created = X
SKIP: row 6 (Scout ID 687): Resume Created = X
SKIP: row 9 (Scout ID 37): Resume Created = X
SKIP: row 10 (Scout ID 692): Resume Created = X
SKIP: row 12 (Scout ID 700): Resume Created = X
SKIP: row 15 (Scout ID 695): Resume Created = X
SKIP: row 16 (Scout ID 690): Resume Created = X
SKIP: row 17 (Scout ID 72): Resume Created = X
SKIP: row 19 (Scout ID 722): Resume Created = X
SKIP: row 20 (Scout ID 717): Resume Created = X
SKIP: row 21 (Scout ID 398): Resume Created = X
SKIP: row 22 (Scout ID 707): Resume Created = X
SKIP: row 27 (Scout ID 847): Resume Created = X
SKIP: row 29 (Scout ID 715): Resume Created = X
SKIP: row 30 (Scout ID 64): Resume Created = X
SKIP: row 31 (Scout ID 66): Resume Created = X
SKIP: row 32 (Scout ID 716): Resume Created = X
SKIP: row 33 (Scout ID 2): Resume Created = X
SKIP: row 35 (Scout ID 39): Resume Created = X
SKIP: row 37 (Scout ID 779): Resume Created = X
SKIP: row 38 (Scout ID 71): Resume Created = X
SKIP: row 39 (Scout ID 245): Resume Created = X
SKIP: row 41 (Scout ID 710): Resume Created = X
SKIP: row 46 (Scout ID 88): Resume Created = X
SKIP: row 47 (Scout ID 571): Resume Created = X
SKIP: row 48 (Scout ID 561): Resume Created = X
SKIP: row 49 (Scout ID 41): Resume Created = X
SKIP: row 50 (Scout ID 78): Resume Created = X
SKIP: row 51 (Scout ID 50): Resume Created = X
SKIP: row 52 (Scout ID 4): Resume Created = X
SKIP: row 53 (Scout ID 568): Resume Created = X
SKIP: row 54 (Scout ID 569): Resume Created = X
SKIP: row 57 (Scout ID 83): Resume Created = X
SKIP: row 59 (Scout ID 85): Resume Created = X
SKIP: row 62 (Scout ID 487): Resume Created = X
SKIP: row 63 (Scout ID 74): Resume Created = X
SKIP: row 64 (Scout ID 107): Resume Created = X
SKIP: row 65 (Scout ID 31): Resume Created = X
SKIP: row 68 (Scout ID 157): Resume Created = X
SKIP: row 69 (Scout ID 344): Resume Created = X
SKIP: row 70 (Scout ID 238): Resume Created = X
SKIP: row 71 (Scout ID 259): Resume Created = X
SKIP: row 72 (Scout ID 73): Resume Created = X
SKIP: row 73 (Scout ID 70): Resume Created = X
SKIP: row 74 (Scout ID 705): Resume Created = X
SKIP: row 75 (Scout ID 696): Resume Created = X
SKIP: row 76 (Scout ID 698): Resume Created = X
SKIP: row 81 (Scout ID 264): Resume Created = X
SKIP: row 82 (Scout ID 84): Resume Created = X
SKIP: row 83 (Scout ID 154): Resume Created = X
SKIP: row 84 (Scout ID 276): Resume Created = X
SKIP: row 85 (Scout ID 77): Resume Created = X
SKIP: row 87 (Scout ID 103): Resume Created = X
SKIP: row 88 (Scout ID 545): Resume Created = X
SKIP: row 91 (Scout ID 560): Resume Created = X
SKIP: row 92 (Scout ID 38): Resume Created = X
SKIP: row 94 (Scout ID 3): Resume Created = X
SKIP: row 103 (Scout ID 140): Resume Created = X
SKIP: row 104 (Scout ID 355): Resume Created = X
SKIP: row 105 (Scout ID 167): Resume Created = X
SKIP: row 106 (Scout ID 544): Resume Created = X
SKIP: row 108 (Scout ID 17): Resume Created = X
SKIP: row 109 (Scout ID 87): Resume Created = X
SKIP: row 110 (Scout ID 68): Resume Created = X
SKIP: row 112 (Scout ID 638): Resume Created = X
SKIP: row 117 (Scout ID 798): Resume Created = X
SKIP: row 126 (Scout ID 576): Resume Created = X
SKIP: row 127 (Scout ID 612): Resume Created = X
SKIP: row 128 (Scout ID 56): Resume Created = X
SKIP: row 129 (Scout ID 346): Resume Created = X
SKIP: row 131 (Scout ID 546): Resume Created = X
SKIP: row 132 (Scout ID 328): Resume Created = X
SKIP: row 133 (Scout ID 244): Resume Created = X
SKIP: row 134 (Scout ID 673): Resume Created = X
SKIP: row 135 (Scout ID 815): Resume Created = X
SKIP: row 136 (Scout ID 814): Resume Created = X
SKIP: row 137 (Scout ID 258): Resume Created = X
SKIP: row 138 (Scout ID 547): Resume Created = X
SKIP: row 139 (Scout ID 356): Resume Created = X
SKIP: row 140 (Scout ID 351): Resume Created = X
SKIP: row 141 (Scout ID 242): Resume Created = X
SKIP: row 142 (Scout ID 330): Resume Created = X
SKIP: row 143 (Scout ID 329): Resume Created = X
SKIP: row 144 (Scout ID 620): Resume Created = X
SKIP: row 145 (Scout ID 80): Resume Created = X
SKIP: row 150 (Scout ID 112): Resume Created = X
SKIP: row 151 (Scout ID 808): Resume Created = X
SKIP: row 153 (Scout ID 212): Resume Created = X
SKIP: row 157 (Scout ID 709): Resume Created = X
SKIP: row 158 (Scout ID 704): Resume Created = X
SKIP: row 160 (Scout ID 280): Resume Created = X
SKIP: row 161 (Scout ID 769): Resume Created = X
SKIP: row 165 (Scout ID 502): Resume Created = X
SKIP: row 166 (Scout ID 486): Resume Created = X
SKIP: row 168 (Scout ID 675): Resume Created = X
SKIP: row 185 (Scout ID 444): Resume Created = X
SKIP: row 191 (Scout ID 845): Resume Created = X
SKIP: row 195 (Scout ID 128): Resume Created = X
SKIP: row 200 (Scout ID 281): Resume Created = X
SKIP: row 206 (Scout ID 379): Resume Created = X
SKIP: row 208 (Scout ID 277): Resume Created = X
SKIP: row 220 (Scout ID 613): Resume Created = X
SKIP: row 228 (Scout ID 729): Resume Created = X
SKIP: row 229 (Scout ID 683): Resume Created = X
SKIP: row 230 (Scout ID 616): Resume Created = X
SKIP: row 231 (Scout ID 208): Resume Created = X
SKIP: row 245 (Scout ID 16): Resume Created = X
SKIP: row 246 (Scout ID 694): Resume Created = X
SKIP: row 248 (Scout ID 135): Resume Created = X
SKIP: row 252 (Scout ID 292): Resume Created = X
SKIP: row 253 (Scout ID 724): Resume Created = X
SKIP: row 254 (Scout ID 726): Resume Created = X
SKIP: row 255 (Scout ID 415): Resume Created = X
SKIP: row 258 (Scout ID 558): Resume Created = X
SKIP: row 259 (Scout ID 58): Resume Created = X
SKIP: row 261 (Scout ID 21): Resume Created = X
SKIP: row 262 (Scout ID 566): Resume Created = X
SKIP: row 264 (Scout ID 727): Resume Created = X
SKIP: row 265 (Scout ID 319): Resume Created = X
SKIP: row 266 (Scout ID 651): Resume Created = X
SKIP: row 267 (Scout ID 206): Resume Created = X
SKIP: row 268 (Scout ID 501): Resume Created = X
SKIP: row 269 (Scout ID 643): Resume Created = X
SKIP: row 274 (Scout ID 198): Resume Created = X
SKIP: row 276 (Scout ID 369): Resume Created = X
SKIP: row 277 (Scout ID 655): Resume Created = X
SKIP: row 278 (Scout ID 409): Resume Created = X
SKIP: row 280 (Scout ID 81): Resume Created = X
SKIP: row 281 (Scout ID 364): Resume Created = X
SKIP: row 282 (Scout ID 469): Resume Created = X
SKIP: row 283 (Scout ID 470): Resume Created = X
SKIP: row 286 (Scout ID 838): Resume Created = X
SKIP: row 294 (Scout ID 837): Resume Created = X
SKIP: row 306 (Scout ID 676): Resume Created = X
SKIP: row 309 (Scout ID 57): Resume Created = X
SKIP: row 317 (Scout ID 152): Resume Created = X
SKIP: row 318 (Scout ID 311): Resume Created = X
SKIP: row 319 (Scout ID 61): Resume Created = X
SKIP: row 320 (Scout ID 63): Resume Created = X
SKIP: row 321 (Scout ID 23): Resume Created = X
SKIP: row 322 (Scout ID 67): Resume Created = X
SKIP: row 323 (Scout ID 416): Resume Created = X
SKIP: row 324 (Scout ID 474): Resume Created = X
SKIP: row 329 (Scout ID 505): Resume Created = X
SKIP: row 330 (Scout ID 738): Resume Created = X
SKIP: row 332 (Scout ID 686): Resume Created = X
SKIP: row 334 (Scout ID 371): Resume Created = X
SKIP: row 337 (Scout ID 370): Resume Created = X
SKIP: row 338 (Scout ID 615): Resume Created = X
SKIP: row 341 (Scout ID 368): Resume Created = X
SKIP: row 342 (Scout ID 491): Resume Created = X
SKIP: row 343 (Scout ID 143): Resume Created = X
SKIP: row 344 (Scout ID 573): Resume Created = X
SKIP: row 346 (Scout ID 367): Resume Created = X
SKIP: row 347 (Scout ID 90): Resume Created = X
SKIP: row 351 (Scout ID 111): Resume Created = X
SKIP: row 353 (Scout ID 362): Resume Created = X
SKIP: row 355 (Scout ID 587): Resume Created = X
SKIP: row 356 (Scout ID 404): Resume Created = X
SKIP: row 361 (Scout ID 375): Resume Created = X
SKIP: row 363 (Scout ID 758): Resume Created = X
SKIP: row 365 (Scout ID 767): Resume Created = X
SKIP: row 372 (Scout ID 842): Resume Created = X
SKIP: row 375 (Scout ID 658): Resume Created = X
SKIP: row 380 (Scout ID 265): Resume Created = X
SKIP: row 383 (Scout ID 86): Resume Created = X
SKIP: row 384 (Scout ID 728): Resume Created = X
SKIP: row 397 (Scout ID 127): Resume Created = X
SKIP: row 398 (Scout ID 133): Resume Created = X
SKIP: row 399 (Scout ID 682): Resume Created = X
SKIP: row 400 (Scout ID 7): Resume Created = X
SKIP: row 401 (Scout ID 564): Resume Created = X
SKIP: row 402 (Scout ID 565): Resume Created = X
SKIP: row 403 (Scout ID 781): Resume Created = X
SKIP: row 408 (Scout ID 448): Resume Created = X
SKIP: row 412 (Scout ID 323): Resume Created = X
SKIP: row 415 (Scout ID 467): Resume Created = X
SKIP: row 418 (Scout ID 365): Resume Created = X
SKIP: row 427 (Scout ID 427): Resume Created = X
SKIP: row 433 (Scout ID 363): Resume Created = X
SKIP: row 450 (Scout ID 225): Resume Created = X
SKIP: row 453 (Scout ID 734): Resume Created = X
SKIP: row 457 (Scout ID 721): Resume Created = X
SKIP: row 458 (Scout ID 559): Resume Created = X
SKIP: row 459 (Scout ID 54): Resume Created = X
SKIP: row 460 (Scout ID 652): Resume Created = X
SKIP: row 463 (Scout ID 583): Resume Created = X
SKIP: row 466 (Scout ID 523): Resume Created = X
SKIP: row 467 (Scout ID 669): Resume Created = X
SKIP: row 471 (Scout ID 714): Resume Created = X
SKIP: row 472 (Scout ID 471): Resume Created = X
SKIP: row 473 (Scout ID 485): Resume Created = X
SKIP: row 474 (Scout ID 481): Resume Created = X
SKIP: row 475 (Scout ID 183): Resume Created = X
SKIP: row 476 (Scout ID 190): Resume Created = X
SKIP: row 478 (Scout ID 574): Resume Created = X
SKIP: row 480 (Scout ID 332): Resume Created = X
SKIP: row 481 (Scout ID 567): Resume Created = X
SKIP: row 482 (Scout ID 617): Resume Created = X
SKIP: row 484 (Scout ID 458): Resume Created = X
SKIP: row 487 (Scout ID 331): Resume Created = X
SKIP: row 488 (Scout ID 298): Resume Created = X
SKIP: row 489 (Scout ID 158): Resume Created = X
SKIP: row 490 (Scout ID 335): Resume Created = X
SKIP: row 492 (Scout ID 403): Resume Created = X
SKIP: row 493 (Scout ID 488): Resume Created = X
SKIP: row 494 (Scout ID 654): Resume Created = X
SKIP: row 497 (Scout ID 642): Resume Created = X
SKIP: row 499 (Scout ID 657): Resume Created = X
SKIP: row 500 (Scout ID 641): Resume Created = X
SKIP: row 504 (Scout ID 116): Resume Created = X
SKIP: row 506 (Scout ID 466): Resume Created = X
SKIP: row 508 (Scout ID 531): Resume Created = X
SKIP: row 509 (Scout ID 584): Resume Created = X
SKIP: row 510 (Scout ID 680): Resume Created = X
SKIP: row 511 (Scout ID 554): Resume Created = X
SKIP: row 512 (Scout ID 832): Resume Created = X
SKIP: row 513 (Scout ID 414): Resume Created = X
SKIP: row 514 (Scout ID 580): Resume Created = X
SKIP: row 516 (Scout ID 223): Resume Created = X
SKIP: row 518 (Scout ID 179): Resume Created = X
SKIP: row 519 (Scout ID 231): Resume Created = X
SKIP: row 522 (Scout ID 260): Resume Created = X
SKIP: row 523 (Scout ID 267): Resume Created = X
SKIP: row 527 (Scout ID 270): Resume Created = X
SKIP: row 528 (Scout ID 261): Resume Created = X
SKIP: row 529 (Scout ID 333): Resume Created = X
SKIP: row 533 (Scout ID 737): Resume Created = X
SKIP: row 538 (Scout ID 649): Resume Created = X
SKIP: row 540 (Scout ID 504): Resume Created = X
SKIP: row 541 (Scout ID 36): Resume Created = X
SKIP: row 542 (Scout ID 816): Resume Created = X
SKIP: row 543 (Scout ID 800): Resume Created = X
SKIP: row 544 (Scout ID 549): Resume Created = X
SKIP: row 545 (Scout ID 581): Resume Created = X
SKIP: row 549 (Scout ID 801): Resume Created = X
SKIP: row 550 (Scout ID 457): Resume Created = X
SKIP: row 551 (Scout ID 233): Resume Created = X
SKIP: row 552 (Scout ID 226): Resume Created = X
SKIP: row 553 (Scout ID 263): Resume Created = X
SKIP: row 554 (Scout ID 430): Resume Created = X
SKIP: row 555 (Scout ID 795): Resume Created = X
SKIP: row 557 (Scout ID 599): Resume Created = X
SKIP: row 561 (Scout ID 770): Resume Created = X
SKIP: row 562 (Scout ID 782): Resume Created = X
SKIP: row 563 (Scout ID 783): Resume Created = X
SKIP: row 564 (Scout ID 784): Resume Created = X
SKIP: row 565 (Scout ID 796): Resume Created = X
SKIP: row 566 (Scout ID 793): Resume Created = X
SKIP: row 567 (Scout ID 662): Resume Created = X
SKIP: row 568 (Scout ID 460): Resume Created = X
SKIP: row 569 (Scout ID 794): Resume Created = X
SKIP: row 570 (Scout ID 764): Resume Created = X
SKIP: row 571 (Scout ID 780): Resume Created = X
SKIP: row 572 (Scout ID 227): Resume Created = X
SKIP: row 573 (Scout ID 446): Resume Created = X
SKIP: row 574 (Scout ID 785): Resume Created = X
SKIP: row 575 (Scout ID 610): Resume Created = X
SKIP: row 576 (Scout ID 771): Resume Created = X
SKIP: row 577 (Scout ID 374): Resume Created = X
SKIP: row 578 (Scout ID 305): Resume Created = X
SKIP: row 579 (Scout ID 445): Resume Created = X
SKIP: row 580 (Scout ID 609): Resume Created = X
SKIP: row 581 (Scout ID 340): Resume Created = X
SKIP: row 582 (Scout ID 337): Resume Created = X
SKIP: row 583 (Scout ID 230): Resume Created = X
SKIP: row 584 (Scout ID 339): Resume Created = X
SKIP: row 585 (Scout ID 608): Resume Created = X
SKIP: row 586 (Scout ID 234): Resume Created = X
SKIP: row 587 (Scout ID 586): Resume Created = X
SKIP: row 588 (Scout ID 528): Resume Created = X
SKIP: row 589 (Scout ID 262): Resume Created = X
SKIP: row 590 (Scout ID 703): Resume Created = X
SKIP: row 591 (Scout ID 477): Resume Created = X
SKIP: row 595 (Scout ID 672): Resume Created = X
SKIP: row 597 (Scout ID 366): Resume Created = X
SKIP: row 598 (Scout ID 553): Resume Created = X
SKIP: row 599 (Scout ID 15): Resume Created = X
SKIP: row 600 (Scout ID 563): Resume Created = X
SKIP: row 601 (Scout ID 611): Resume Created = X
SKIP: row 602 (Scout ID 6): Resume Created = X
SKIP: row 603 (Scout ID 582): Resume Created = X
SKIP: row 604 (Scout ID 529): Resume Created = X
SKIP: row 605 (Scout ID 797): Resume Created = X
SKIP: row 606 (Scout ID 296): Resume Created = X
SKIP: row 607 (Scout ID 834): Resume Created = X
SKIP: row 608 (Scout ID 178): Resume Created = X
SKIP: row 609 (Scout ID 229): Resume Created = X
SKIP: row 610 (Scout ID 443): Resume Created = X
SKIP: row 611 (Scout ID 235): Resume Created = X
SKIP: row 612 (Scout ID 406): Resume Created = X
SKIP: row 613 (Scout ID 144): Resume Created = X
SKIP: row 615 (Scout ID 295): Resume Created = X
SKIP: row 616 (Scout ID 452): Resume Created = X
SKIP: row 617 (Scout ID 28): Resume Created = X
SKIP: row 618 (Scout ID 478): Resume Created = X
SKIP: row 619 (Scout ID 508): Resume Created = X
SKIP: row 622 (Scout ID 740): Resume Created = X
SKIP: row 624 (Scout ID 753): Resume Created = X
SKIP: row 626 (Scout ID 159): Resume Created = X
SKIP: row 627 (Scout ID 82): Resume Created = X
SKIP: row 630 (Scout ID 266): Resume Created = X
SKIP: row 631 (Scout ID 530): Resume Created = X
SKIP: row 632 (Scout ID 271): Resume Created = X
SKIP: row 633 (Scout ID 10): Resume Created = X
SKIP: row 634 (Scout ID 766): Resume Created = X
SKIP: row 635 (Scout ID 236): Resume Created = X
SKIP: row 636 (Scout ID 30): Resume Created = X
SKIP: row 637 (Scout ID 11): Resume Created = X
SKIP: row 638 (Scout ID 13): Resume Created = X
SKIP: row 642 (Scout ID 19): Resume Created = X
SKIP: row 643 (Scout ID 306): Resume Created = X
SKIP: row 645 (Scout ID 279): Resume Created = X
SKIP: row 647 (Scout ID 228): Resume Created = X
SKIP: row 648 (Scout ID 162): Resume Created = X
SKIP: row 649 (Scout ID 532): Resume Created = X
SKIP: row 650 (Scout ID 341): Resume Created = X
SKIP: row 653 (Scout ID 472): Resume Created = X
SKIP: row 654 (Scout ID 768): Resume Created = X
SKIP: row 655 (Scout ID 199): Resume Created = X
SKIP: row 656 (Scout ID 222): Resume Created = X
SKIP: row 662 (Scout ID 376): Resume Created = X
SKIP: row 664 (Scout ID 1): Resume Created = X
SKIP: row 665 (Scout ID 47): Resume Created = X
SKIP: row 666 (Scout ID 32): Resume Created = X
SKIP: row 667 (Scout ID 35): Resume Created = X
SKIP: row 668 (Scout ID 25): Resume Created = X
SKIP: row 670 (Scout ID 400): Resume Created = X
SKIP: row 671 (Scout ID 397): Resume Created = X
SKIP: row 672 (Scout ID 27): Resume Created = X
SKIP: row 673 (Scout ID 43): Resume Created = X
SKIP: row 675 (Scout ID 401): Resume Created = X
SKIP: row 676 (Scout ID 44): Resume Created = X
SKIP: row 678 (Scout ID 45): Resume Created = X
SKIP: row 679 (Scout ID 60): Resume Created = X
SKIP: row 684 (Scout ID 51): Resume Created = X
SKIP: row 740 (Scout ID 14): Resume Created = X
SKIP: row 843 (Scout ID 476): Resume Created = X
CREATED: row 8 (Scout ID 691): C:\Users\DCALL\Desktop\gecko\output\resumes\Dave-Call+Wpromote+Paid-Search-Director-(B2B)+https-jobs.lever.co-wpromote-15aa0ca5-11c4-405f-8b9d-cd9251f32ee1.docx
CREATED: row 14 (Scout ID 62): C:\Users\DCALL\Desktop\gecko\output\resumes\Dave-Call+Brex+Senior-Growth-Marketing-Manager,-Paid-Social+5872886103.docx
python : FAILED: row 680 (Scout ID 5), EY / Americas Area AV Design Consultant Assistant Director: Full job 
description unavailable; stored excerpt is short. Request failed for 
https://www.adzuna.com/land/ad/5868745883?se=XuDSmwm18RGSI57gYuD12g&v=4F59E92C19FF4FA8E200723A7682E4733995BC59: HTTP 
Error 403: Forbidden
At line:2 char:1
+ python scripts/generate_apply_queue.py *> output/apply-queue-run.log
+ ~~~~~~~~~~~~~~~~~~~~~~~~~~~~~~~~~~~~~~~~~~~~~~~~~~~~~~~~~~~~~~~~~~~~
    + CategoryInfo          : NotSpecified: (FAILED: row 680... 403: Forbidden:String) [], RemoteException
    + FullyQualifiedErrorId : NativeCommandError
 
Eligible rows: 202; already marked X: 343
SKIP: row 2 (Scout ID 688): Resume Created = X
SKIP: row 3 (Scout ID 26): Resume Created = X
SKIP: row 4 (Scout ID 708): Resume Created = X
SKIP: row 5 (Scout ID 701): Resume Created = X
SKIP: row 6 (Scout ID 687): Resume Created = X
SKIP: row 8 (Scout ID 691): Resume Created = X
SKIP: row 9 (Scout ID 37): Resume Created = X
SKIP: row 10 (Scout ID 692): Resume Created = X
SKIP: row 12 (Scout ID 700): Resume Created = X
SKIP: row 14 (Scout ID 62): Resume Created = X
SKIP: row 15 (Scout ID 695): Resume Created = X
SKIP: row 16 (Scout ID 690): Resume Created = X
SKIP: row 17 (Scout ID 72): Resume Created = X
SKIP: row 19 (Scout ID 722): Resume Created = X
SKIP: row 20 (Scout ID 717): Resume Created = X
SKIP: row 21 (Scout ID 398): Resume Created = X
SKIP: row 22 (Scout ID 707): Resume Created = X
SKIP: row 27 (Scout ID 847): Resume Created = X
SKIP: row 29 (Scout ID 715): Resume Created = X
SKIP: row 30 (Scout ID 64): Resume Created = X
SKIP: row 31 (Scout ID 66): Resume Created = X
SKIP: row 32 (Scout ID 716): Resume Created = X
SKIP: row 33 (Scout ID 2): Resume Created = X
SKIP: row 35 (Scout ID 39): Resume Created = X
SKIP: row 37 (Scout ID 779): Resume Created = X
SKIP: row 38 (Scout ID 71): Resume Created = X
SKIP: row 39 (Scout ID 245): Resume Created = X
SKIP: row 41 (Scout ID 710): Resume Created = X
SKIP: row 46 (Scout ID 88): Resume Created = X
SKIP: row 47 (Scout ID 571): Resume Created = X
SKIP: row 48 (Scout ID 561): Resume Created = X
SKIP: row 49 (Scout ID 41): Resume Created = X
SKIP: row 50 (Scout ID 78): Resume Created = X
SKIP: row 51 (Scout ID 50): Resume Created = X
SKIP: row 52 (Scout ID 4): Resume Created = X
SKIP: row 53 (Scout ID 568): Resume Created = X
SKIP: row 54 (Scout ID 569): Resume Created = X
SKIP: row 57 (Scout ID 83): Resume Created = X
SKIP: row 59 (Scout ID 85): Resume Created = X
SKIP: row 62 (Scout ID 487): Resume Created = X
SKIP: row 63 (Scout ID 74): Resume Created = X
SKIP: row 64 (Scout ID 107): Resume Created = X
SKIP: row 65 (Scout ID 31): Resume Created = X
SKIP: row 68 (Scout ID 157): Resume Created = X
SKIP: row 69 (Scout ID 344): Resume Created = X
SKIP: row 70 (Scout ID 238): Resume Created = X
SKIP: row 71 (Scout ID 259): Resume Created = X
SKIP: row 72 (Scout ID 73): Resume Created = X
SKIP: row 73 (Scout ID 70): Resume Created = X
SKIP: row 74 (Scout ID 705): Resume Created = X
SKIP: row 75 (Scout ID 696): Resume Created = X
SKIP: row 76 (Scout ID 698): Resume Created = X
SKIP: row 81 (Scout ID 264): Resume Created = X
SKIP: row 82 (Scout ID 84): Resume Created = X
SKIP: row 83 (Scout ID 154): Resume Created = X
SKIP: row 84 (Scout ID 276): Resume Created = X
SKIP: row 85 (Scout ID 77): Resume Created = X
SKIP: row 87 (Scout ID 103): Resume Created = X
SKIP: row 88 (Scout ID 545): Resume Created = X
SKIP: row 91 (Scout ID 560): Resume Created = X
SKIP: row 92 (Scout ID 38): Resume Created = X
SKIP: row 94 (Scout ID 3): Resume Created = X
SKIP: row 103 (Scout ID 140): Resume Created = X
SKIP: row 104 (Scout ID 355): Resume Created = X
SKIP: row 105 (Scout ID 167): Resume Created = X
SKIP: row 106 (Scout ID 544): Resume Created = X
SKIP: row 108 (Scout ID 17): Resume Created = X
SKIP: row 109 (Scout ID 87): Resume Created = X
SKIP: row 110 (Scout ID 68): Resume Created = X
SKIP: row 112 (Scout ID 638): Resume Created = X
SKIP: row 117 (Scout ID 798): Resume Created = X
SKIP: row 126 (Scout ID 576): Resume Created = X
SKIP: row 127 (Scout ID 612): Resume Created = X
SKIP: row 128 (Scout ID 56): Resume Created = X
SKIP: row 129 (Scout ID 346): Resume Created = X
SKIP: row 131 (Scout ID 546): Resume Created = X
SKIP: row 132 (Scout ID 328): Resume Created = X
SKIP: row 133 (Scout ID 244): Resume Created = X
SKIP: row 134 (Scout ID 673): Resume Created = X
SKIP: row 135 (Scout ID 815): Resume Created = X
SKIP: row 136 (Scout ID 814): Resume Created = X
SKIP: row 137 (Scout ID 258): Resume Created = X
SKIP: row 138 (Scout ID 547): Resume Created = X
SKIP: row 139 (Scout ID 356): Resume Created = X
SKIP: row 140 (Scout ID 351): Resume Created = X
SKIP: row 141 (Scout ID 242): Resume Created = X
SKIP: row 142 (Scout ID 330): Resume Created = X
SKIP: row 143 (Scout ID 329): Resume Created = X
SKIP: row 144 (Scout ID 620): Resume Created = X
SKIP: row 145 (Scout ID 80): Resume Created = X
SKIP: row 150 (Scout ID 112): Resume Created = X
SKIP: row 151 (Scout ID 808): Resume Created = X
SKIP: row 153 (Scout ID 212): Resume Created = X
SKIP: row 157 (Scout ID 709): Resume Created = X
SKIP: row 158 (Scout ID 704): Resume Created = X
SKIP: row 160 (Scout ID 280): Resume Created = X
SKIP: row 161 (Scout ID 769): Resume Created = X
SKIP: row 165 (Scout ID 502): Resume Created = X
SKIP: row 166 (Scout ID 486): Resume Created = X
SKIP: row 168 (Scout ID 675): Resume Created = X
SKIP: row 185 (Scout ID 444): Resume Created = X
SKIP: row 191 (Scout ID 845): Resume Created = X
SKIP: row 195 (Scout ID 128): Resume Created = X
SKIP: row 200 (Scout ID 281): Resume Created = X
SKIP: row 206 (Scout ID 379): Resume Created = X
SKIP: row 208 (Scout ID 277): Resume Created = X
SKIP: row 220 (Scout ID 613): Resume Created = X
SKIP: row 228 (Scout ID 729): Resume Created = X
SKIP: row 229 (Scout ID 683): Resume Created = X
SKIP: row 230 (Scout ID 616): Resume Created = X
SKIP: row 231 (Scout ID 208): Resume Created = X
SKIP: row 245 (Scout ID 16): Resume Created = X
SKIP: row 246 (Scout ID 694): Resume Created = X
SKIP: row 248 (Scout ID 135): Resume Created = X
SKIP: row 252 (Scout ID 292): Resume Created = X
SKIP: row 253 (Scout ID 724): Resume Created = X
SKIP: row 254 (Scout ID 726): Resume Created = X
SKIP: row 255 (Scout ID 415): Resume Created = X
SKIP: row 258 (Scout ID 558): Resume Created = X
SKIP: row 259 (Scout ID 58): Resume Created = X
SKIP: row 261 (Scout ID 21): Resume Created = X
SKIP: row 262 (Scout ID 566): Resume Created = X
SKIP: row 264 (Scout ID 727): Resume Created = X
SKIP: row 265 (Scout ID 319): Resume Created = X
SKIP: row 266 (Scout ID 651): Resume Created = X
SKIP: row 267 (Scout ID 206): Resume Created = X
SKIP: row 268 (Scout ID 501): Resume Created = X
SKIP: row 269 (Scout ID 643): Resume Created = X
SKIP: row 274 (Scout ID 198): Resume Created = X
SKIP: row 276 (Scout ID 369): Resume Created = X
SKIP: row 277 (Scout ID 655): Resume Created = X
SKIP: row 278 (Scout ID 409): Resume Created = X
SKIP: row 280 (Scout ID 81): Resume Created = X
SKIP: row 281 (Scout ID 364): Resume Created = X
SKIP: row 282 (Scout ID 469): Resume Created = X
SKIP: row 283 (Scout ID 470): Resume Created = X
SKIP: row 286 (Scout ID 838): Resume Created = X
SKIP: row 294 (Scout ID 837): Resume Created = X
SKIP: row 306 (Scout ID 676): Resume Created = X
SKIP: row 309 (Scout ID 57): Resume Created = X
SKIP: row 317 (Scout ID 152): Resume Created = X
SKIP: row 318 (Scout ID 311): Resume Created = X
SKIP: row 319 (Scout ID 61): Resume Created = X
SKIP: row 320 (Scout ID 63): Resume Created = X
SKIP: row 321 (Scout ID 23): Resume Created = X
SKIP: row 322 (Scout ID 67): Resume Created = X
SKIP: row 323 (Scout ID 416): Resume Created = X
SKIP: row 324 (Scout ID 474): Resume Created = X
SKIP: row 329 (Scout ID 505): Resume Created = X
SKIP: row 330 (Scout ID 738): Resume Created = X
SKIP: row 332 (Scout ID 686): Resume Created = X
SKIP: row 334 (Scout ID 371): Resume Created = X
SKIP: row 337 (Scout ID 370): Resume Created = X
SKIP: row 338 (Scout ID 615): Resume Created = X
SKIP: row 341 (Scout ID 368): Resume Created = X
SKIP: row 342 (Scout ID 491): Resume Created = X
SKIP: row 343 (Scout ID 143): Resume Created = X
SKIP: row 344 (Scout ID 573): Resume Created = X
SKIP: row 346 (Scout ID 367): Resume Created = X
SKIP: row 347 (Scout ID 90): Resume Created = X
SKIP: row 351 (Scout ID 111): Resume Created = X
SKIP: row 353 (Scout ID 362): Resume Created = X
SKIP: row 355 (Scout ID 587): Resume Created = X
SKIP: row 356 (Scout ID 404): Resume Created = X
SKIP: row 361 (Scout ID 375): Resume Created = X
SKIP: row 363 (Scout ID 758): Resume Created = X
SKIP: row 365 (Scout ID 767): Resume Created = X
SKIP: row 372 (Scout ID 842): Resume Created = X
SKIP: row 375 (Scout ID 658): Resume Created = X
SKIP: row 380 (Scout ID 265): Resume Created = X
SKIP: row 383 (Scout ID 86): Resume Created = X
SKIP: row 384 (Scout ID 728): Resume Created = X
SKIP: row 397 (Scout ID 127): Resume Created = X
SKIP: row 398 (Scout ID 133): Resume Created = X
SKIP: row 399 (Scout ID 682): Resume Created = X
SKIP: row 400 (Scout ID 7): Resume Created = X
SKIP: row 401 (Scout ID 564): Resume Created = X
SKIP: row 402 (Scout ID 565): Resume Created = X
SKIP: row 403 (Scout ID 781): Resume Created = X
SKIP: row 408 (Scout ID 448): Resume Created = X
SKIP: row 412 (Scout ID 323): Resume Created = X
SKIP: row 415 (Scout ID 467): Resume Created = X
SKIP: row 418 (Scout ID 365): Resume Created = X
SKIP: row 427 (Scout ID 427): Resume Created = X
SKIP: row 433 (Scout ID 363): Resume Created = X
SKIP: row 450 (Scout ID 225): Resume Created = X
SKIP: row 453 (Scout ID 734): Resume Created = X
SKIP: row 457 (Scout ID 721): Resume Created = X
SKIP: row 458 (Scout ID 559): Resume Created = X
SKIP: row 459 (Scout ID 54): Resume Created = X
SKIP: row 460 (Scout ID 652): Resume Created = X
SKIP: row 463 (Scout ID 583): Resume Created = X
SKIP: row 466 (Scout ID 523): Resume Created = X
SKIP: row 467 (Scout ID 669): Resume Created = X
SKIP: row 471 (Scout ID 714): Resume Created = X
SKIP: row 472 (Scout ID 471): Resume Created = X
SKIP: row 473 (Scout ID 485): Resume Created = X
SKIP: row 474 (Scout ID 481): Resume Created = X
SKIP: row 475 (Scout ID 183): Resume Created = X
SKIP: row 476 (Scout ID 190): Resume Created = X
SKIP: row 478 (Scout ID 574): Resume Created = X
SKIP: row 480 (Scout ID 332): Resume Created = X
SKIP: row 481 (Scout ID 567): Resume Created = X
SKIP: row 482 (Scout ID 617): Resume Created = X
SKIP: row 484 (Scout ID 458): Resume Created = X
SKIP: row 487 (Scout ID 331): Resume Created = X
SKIP: row 488 (Scout ID 298): Resume Created = X
SKIP: row 489 (Scout ID 158): Resume Created = X
SKIP: row 490 (Scout ID 335): Resume Created = X
SKIP: row 492 (Scout ID 403): Resume Created = X
SKIP: row 493 (Scout ID 488): Resume Created = X
SKIP: row 494 (Scout ID 654): Resume Created = X
SKIP: row 497 (Scout ID 642): Resume Created = X
SKIP: row 499 (Scout ID 657): Resume Created = X
SKIP: row 500 (Scout ID 641): Resume Created = X
SKIP: row 504 (Scout ID 116): Resume Created = X
SKIP: row 506 (Scout ID 466): Resume Created = X
SKIP: row 508 (Scout ID 531): Resume Created = X
SKIP: row 509 (Scout ID 584): Resume Created = X
SKIP: row 510 (Scout ID 680): Resume Created = X
SKIP: row 511 (Scout ID 554): Resume Created = X
SKIP: row 512 (Scout ID 832): Resume Created = X
SKIP: row 513 (Scout ID 414): Resume Created = X
SKIP: row 514 (Scout ID 580): Resume Created = X
SKIP: row 516 (Scout ID 223): Resume Created = X
SKIP: row 518 (Scout ID 179): Resume Created = X
SKIP: row 519 (Scout ID 231): Resume Created = X
SKIP: row 522 (Scout ID 260): Resume Created = X
SKIP: row 523 (Scout ID 267): Resume Created = X
SKIP: row 527 (Scout ID 270): Resume Created = X
SKIP: row 528 (Scout ID 261): Resume Created = X
SKIP: row 529 (Scout ID 333): Resume Created = X
SKIP: row 533 (Scout ID 737): Resume Created = X
SKIP: row 538 (Scout ID 649): Resume Created = X
SKIP: row 540 (Scout ID 504): Resume Created = X
SKIP: row 541 (Scout ID 36): Resume Created = X
SKIP: row 542 (Scout ID 816): Resume Created = X
SKIP: row 543 (Scout ID 800): Resume Created = X
SKIP: row 544 (Scout ID 549): Resume Created = X
SKIP: row 545 (Scout ID 581): Resume Created = X
SKIP: row 549 (Scout ID 801): Resume Created = X
SKIP: row 550 (Scout ID 457): Resume Created = X
SKIP: row 551 (Scout ID 233): Resume Created = X
SKIP: row 552 (Scout ID 226): Resume Created = X
SKIP: row 553 (Scout ID 263): Resume Created = X
SKIP: row 554 (Scout ID 430): Resume Created = X
SKIP: row 555 (Scout ID 795): Resume Created = X
SKIP: row 557 (Scout ID 599): Resume Created = X
SKIP: row 561 (Scout ID 770): Resume Created = X
SKIP: row 562 (Scout ID 782): Resume Created = X
SKIP: row 563 (Scout ID 783): Resume Created = X
SKIP: row 564 (Scout ID 784): Resume Created = X
SKIP: row 565 (Scout ID 796): Resume Created = X
SKIP: row 566 (Scout ID 793): Resume Created = X
SKIP: row 567 (Scout ID 662): Resume Created = X
SKIP: row 568 (Scout ID 460): Resume Created = X
SKIP: row 569 (Scout ID 794): Resume Created = X
SKIP: row 570 (Scout ID 764): Resume Created = X
SKIP: row 571 (Scout ID 780): Resume Created = X
SKIP: row 572 (Scout ID 227): Resume Created = X
SKIP: row 573 (Scout ID 446): Resume Created = X
SKIP: row 574 (Scout ID 785): Resume Created = X
SKIP: row 575 (Scout ID 610): Resume Created = X
SKIP: row 576 (Scout ID 771): Resume Created = X
SKIP: row 577 (Scout ID 374): Resume Created = X
SKIP: row 578 (Scout ID 305): Resume Created = X
SKIP: row 579 (Scout ID 445): Resume Created = X
SKIP: row 580 (Scout ID 609): Resume Created = X
SKIP: row 581 (Scout ID 340): Resume Created = X
SKIP: row 582 (Scout ID 337): Resume Created = X
SKIP: row 583 (Scout ID 230): Resume Created = X
SKIP: row 584 (Scout ID 339): Resume Created = X
SKIP: row 585 (Scout ID 608): Resume Created = X
SKIP: row 586 (Scout ID 234): Resume Created = X
SKIP: row 587 (Scout ID 586): Resume Created = X
SKIP: row 588 (Scout ID 528): Resume Created = X
SKIP: row 589 (Scout ID 262): Resume Created = X
SKIP: row 590 (Scout ID 703): Resume Created = X
SKIP: row 591 (Scout ID 477): Resume Created = X
SKIP: row 595 (Scout ID 672): Resume Created = X
SKIP: row 597 (Scout ID 366): Resume Created = X
SKIP: row 598 (Scout ID 553): Resume Created = X
SKIP: row 599 (Scout ID 15): Resume Created = X
SKIP: row 600 (Scout ID 563): Resume Created = X
SKIP: row 601 (Scout ID 611): Resume Created = X
SKIP: row 602 (Scout ID 6): Resume Created = X
SKIP: row 603 (Scout ID 582): Resume Created = X
SKIP: row 604 (Scout ID 529): Resume Created = X
SKIP: row 605 (Scout ID 797): Resume Created = X
SKIP: row 606 (Scout ID 296): Resume Created = X
SKIP: row 607 (Scout ID 834): Resume Created = X
SKIP: row 608 (Scout ID 178): Resume Created = X
SKIP: row 609 (Scout ID 229): Resume Created = X
SKIP: row 610 (Scout ID 443): Resume Created = X
SKIP: row 611 (Scout ID 235): Resume Created = X
SKIP: row 612 (Scout ID 406): Resume Created = X
SKIP: row 613 (Scout ID 144): Resume Created = X
SKIP: row 615 (Scout ID 295): Resume Created = X
SKIP: row 616 (Scout ID 452): Resume Created = X
SKIP: row 617 (Scout ID 28): Resume Created = X
SKIP: row 618 (Scout ID 478): Resume Created = X
SKIP: row 619 (Scout ID 508): Resume Created = X
SKIP: row 622 (Scout ID 740): Resume Created = X
SKIP: row 624 (Scout ID 753): Resume Created = X
SKIP: row 626 (Scout ID 159): Resume Created = X
SKIP: row 627 (Scout ID 82): Resume Created = X
SKIP: row 630 (Scout ID 266): Resume Created = X
SKIP: row 631 (Scout ID 530): Resume Created = X
SKIP: row 632 (Scout ID 271): Resume Created = X
SKIP: row 633 (Scout ID 10): Resume Created = X
SKIP: row 634 (Scout ID 766): Resume Created = X
SKIP: row 635 (Scout ID 236): Resume Created = X
SKIP: row 636 (Scout ID 30): Resume Created = X
SKIP: row 637 (Scout ID 11): Resume Created = X
SKIP: row 638 (Scout ID 13): Resume Created = X
SKIP: row 642 (Scout ID 19): Resume Created = X
SKIP: row 643 (Scout ID 306): Resume Created = X
SKIP: row 645 (Scout ID 279): Resume Created = X
SKIP: row 647 (Scout ID 228): Resume Created = X
SKIP: row 648 (Scout ID 162): Resume Created = X
SKIP: row 649 (Scout ID 532): Resume Created = X
SKIP: row 650 (Scout ID 341): Resume Created = X
SKIP: row 653 (Scout ID 472): Resume Created = X
SKIP: row 654 (Scout ID 768): Resume Created = X
SKIP: row 655 (Scout ID 199): Resume Created = X
SKIP: row 656 (Scout ID 222): Resume Created = X
SKIP: row 662 (Scout ID 376): Resume Created = X
SKIP: row 664 (Scout ID 1): Resume Created = X
SKIP: row 665 (Scout ID 47): Resume Created = X
SKIP: row 666 (Scout ID 32): Resume Created = X
SKIP: row 667 (Scout ID 35): Resume Created = X
python : FAILED: row 680 (Scout ID 5), EY / Americas Area AV Design Consultant Assistant Director: Full job 
description unavailable; stored excerpt is short. Request failed for 
https://www.adzuna.com/land/ad/5868745883?se=XuDSmwm18RGSI57gYuD12g&v=4F59E92C19FF4FA8E200723A7682E4733995BC59: HTTP 
Error 403: Forbidden
At line:2 char:1
+ python scripts/generate_apply_queue.py >> output/apply-queue-run.log  ...
+ ~~~~~~~~~~~~~~~~~~~~~~~~~~~~~~~~~~~~~~~~~~~~~~~~~~~~~~~~~~~~~~~~~~~~~
    + CategoryInfo          : NotSpecified: (FAILED: row 680... 403: Forbidden:String) [], RemoteException
    + FullyQualifiedErrorId : NativeCommandError
 
SKIP: row 668 (Scout ID 25): Resume Created = X
SKIP: row 670 (Scout ID 400): Resume Created = X
SKIP: row 671 (Scout ID 397): Resume Created = X
SKIP: row 672 (Scout ID 27): Resume Created = X
SKIP: row 673 (Scout ID 43): Resume Created = X
SKIP: row 675 (Scout ID 401): Resume Created = X
SKIP: row 676 (Scout ID 44): Resume Created = X
SKIP: row 678 (Scout ID 45): Resume Created = X
SKIP: row 679 (Scout ID 60): Resume Created = X
SKIP: row 684 (Scout ID 51): Resume Created = X
SKIP: row 740 (Scout ID 14): Resume Created = X
SKIP: row 843 (Scout ID 476): Resume Created = X
CREATED: row 681 (Scout ID 18): C:\Users\DCALL\Desktop\gecko\output\resumes\Dave-Call+Heritage-Schools,-Inc+Associate-Executive-Director+5862445870.docx
FAILED: row 682 (Scout ID 579), Pura / Senior Manager, Influencer Marketing & Experiential: Full job description 
unavailable; stored excerpt is short. Request failed for https://jooble.org/away/8857195067964454177?p=1&pos=10&rgn=45&
cid=19881&ckey=Performance+Marketing+Manager&jobAge=610&brelb=110&scr=22.134556&bscr=22.134556&aq=4374244782901144798&e
lckey=3980193429167075095: HTTP Error 403: Forbidden
FAILED: row 683 (Scout ID 34), Vail Resorts / Sr. Manager, Relationship Marketing: Full job description unavailable; 
stored excerpt is short. Request failed for 
https://www.adzuna.com/land/ad/5855047055?se=UvWxnwm18RGk6dCvHcHp9g&v=4C185DFBAC64444D77F63CDC154CAC2A8BA00D41: HTTP 
Error 403: Forbidden
FAILED: row 685 (Scout ID 53), Under Armour, Inc. / Sr. Product Manager - Analytics and Data Governance: Full job 
description unavailable; stored excerpt is short. Request failed for 
https://www.adzuna.com/land/ad/5815003316?se=UvWxnwm18RGk6dCvHcHp9g&v=A4E5A32E8A71691E2220D5C1B5C7101901F7A95E: HTTP 
Error 403: Forbidden
FAILED: row 686 (Scout ID 570), Vail Resorts / Director, Marketing Performance Analytics: Full job description 
unavailable; stored excerpt is short. Request failed for 
https://www.adzuna.com/land/ad/5806906466?se=dnQat9u18RGyxqEDqklCVQ&v=BA2D9F56FA9DC8D0C07D0852B5950A3F9BD04BD9: HTTP 
Error 403: Forbidden
FAILED: row 687 (Scout ID 55), Oracle / CEGIU Demo Data Strategy Intern - OVIP: Full job description unavailable; 
stored excerpt is short. Request failed for 
https://www.adzuna.com/land/ad/5737302468?se=UvWxnwm18RGk6dCvHcHp9g&v=ECA4D8E85511D1FA3D331A83ACCA88633488C2D3: HTTP 
Error 403: Forbidden
CREATED: row 688 (Scout ID 562): C:\Users\DCALL\Desktop\gecko\output\resumes\Dave-Call+Deseret-Book+Paid-Media-Manager+5689097891.docx
CREATED: row 689 (Scout ID 475): C:\Users\DCALL\Desktop\gecko\output\resumes\Dave-Call+Coalition-Technologies+Remote-Office-Assistant+1680495.docx
FAILED: row 690 (Scout ID 42), Capital One / Sr. Business Analyst, Capital One Shopping (Remote - Eligible): Full job 
description unavailable; stored excerpt is short. Request failed for 
https://www.adzuna.com/land/ad/5890506740?se=UvWxnwm18RGk6dCvHcHp9g&v=4E05D3907F797FBC865C0770D738AAEBC0545523: HTTP 
Error 403: Forbidden
FAILED: row 692 (Scout ID 269), Utah First Credit Union / Senior Vice President, Chief Marketing Officer: Full job 
description unavailable; stored excerpt is short. Request failed for https://jooble.org/desc/1582081920716739331?ckey=M
arketing+Analytics+Manager&rgn=45&pos=18&groupId=-1925849718&elckey=4746208561211918391&p=1&aq=8693656455920257509&cid=
19881&jobAge=89&brelb=15&bscr=203.5825&scr=203.5825: HTTP Error 403: Forbidden
CREATED: row 693 (Scout ID 33): C:\Users\DCALL\Desktop\gecko\output\resumes\Dave-Call+On-Top-Roofing+Lead-Management-Coordinator+5862030182.docx
FAILED: row 694 (Scout ID 65), Compass / Account Executive: Full job description unavailable; stored excerpt is short. 
Request failed for 
https://www.adzuna.com/land/ad/5850689878?se=gOHboQm18RGSI57gYuD12g&v=9240EE82E31170E6292FD60CA1C461135D11430E: HTTP 
Error 403: Forbidden
CREATED: row 695 (Scout ID 40): C:\Users\DCALL\Desktop\gecko\output\resumes\Dave-Call+Audiohook+Client-Success-Manager+5750452983.docx
FAILED: row 698 (Scout ID 526), 1-800 Contacts / Marketing Account Manager: Full job description unavailable; stored 
excerpt is short. Request failed for https://jooble.org/away/-1121893985835614645?p=1&pos=5&rgn=45&cid=19881&ckey=Perfo
rmance+Marketing+Manager&jobAge=8&brelb=115&scr=33.532364&bscr=33.532364&aq=6645250561048359475&elckey=6101240132802130
456: HTTP Error 403: Forbidden
FAILED: row 699 (Scout ID 507), Icon Power, Llc / Traveling Solar Sales Manager: Full job description unavailable; 
stored excerpt is short. Request failed for https://jooble.org/away/-434377114832638529?p=1&pos=5&rgn=45&cid=19881&ckey
=SEM+Manager&jobAge=8&brelb=115&scr=125.263664&bscr=125.263664&aq=6047600018300130771&elckey=2824318771654233275: HTTP 
Error 403: Forbidden
FAILED: row 700 (Scout ID 512), Austin Careers / Assistant Field Office Manager (Lehi, UT) - Austin Commercial: Full 
job description unavailable; stored excerpt is short. Request failed for https://jooble.org/desc/9114083075193598203?ck
ey=SEM+Manager&rgn=45&pos=16&groupId=33600&elckey=2824318771654233275&p=1&aq=6047600018300130771&cid=19881&jobAge=32&br
elb=115&bscr=106.61458&scr=106.61458: HTTP Error 403: Forbidden
FAILED: row 701 (Scout ID 527), Verkada / Regional Sales Manager, Mid-Market Select: Full job description unavailable; 
stored excerpt is short. Request failed for https://jooble.org/desc/-949134478668599436?ckey=Performance+Marketing+Mana
ger&rgn=45&pos=8&groupId=42795&elckey=6101240132802130456&p=1&aq=6645250561048359475&cid=19881&jobAge=32&brelb=115&bscr
=23.170525&scr=23.170525: HTTP Error 403: Forbidden
FAILED: row 702 (Scout ID 428), Alpla Inc. / Asst. Production Manager: Full job description unavailable; stored 
excerpt is short. Request failed for https://jooble.org/desc/-1682181680824300475?ckey=SEM+Manager&rgn=45&pos=6&groupId
=33600&elckey=9127450495611118540&p=1&aq=312606162728990676&cid=19881&jobAge=81&brelb=100&bscr=118.545425&scr=118.54542
5: HTTP Error 403: Forbidden
CREATED: row 703 (Scout ID 480): C:\Users\DCALL\Desktop\gecko\output\resumes\Dave-Call+Coalition-Technologies+Freelance-Copywriter+1749306.docx
CREATED: row 704 (Scout ID 473): C:\Users\DCALL\Desktop\gecko\output\resumes\Dave-Call+A.Team+Senior-Independent-AI-Engineer-Architect+1919266.docx
FAILED: row 705 (Scout ID 302), Pattern / Digital Advertising Strategist- Marketplaces: Full job description 
unavailable; stored excerpt is short. Request failed for https://jooble.org/away/3245845963235237630?p=1&pos=17&rgn=45&
cid=19881&ckey=Digital+Marketing+Analyst&jobAge=561&brelb=15&scr=148.79517&bscr=148.79517&aq=-7401435035580362930&elcke
y=2390585765005926336: HTTP Error 403: Forbidden
FAILED: row 706 (Scout ID 338), Ken Garff Automotive Group / Marketing and Events Manager: Full job description 
unavailable; stored excerpt is short. Request failed for https://jooble.org/away/-6707523833281018239?p=1&pos=16&rgn=45
&cid=19881&ckey=Growth+Marketing+Manager&jobAge=113&brelb=10&scr=92.87148&bscr=92.87148&aq=7846385121162063262&elckey=-
65508514926480575: HTTP Error 403: Forbidden
FAILED: row 707 (Scout ID 833), Proofpoint / Senior Channel Marketing Programs Manager: Full job description 
unavailable; stored excerpt is short. Request failed for https://jooble.org/away/-3209941921163009567?p=1&pos=6&rgn=45&
cid=19881&ckey=E-Commerce+Marketing+Manager&jobAge=33&brelb=100&scr=243.28336&bscr=243.28336&aq=6467313689372115209&elc
key=7798347961026698488: HTTP Error 403: Forbidden
FAILED: row 708 (Scout ID 739), Brex / Senior Marketing Operations Manager: Full job description unavailable; stored 
excerpt is short. Request failed for https://jooble.org/away/8762527705138595879?p=1&pos=15&rgn=45&cid=19881&ckey=SEM+M
anager&jobAge=57&brelb=100&scr=115.71402&bscr=115.71402&aq=-2677518738417185065&elckey=4949202796355851256: HTTP Error 
403: Forbidden
FAILED: row 709 (Scout ID 511), Franklin Covey / Marketing Operations Manager: Full job description unavailable; 
stored excerpt is short. Request failed for https://jooble.org/away/4653068699643577435?p=1&pos=12&rgn=45&cid=19881&cke
y=SEM+Manager&jobAge=32&brelb=10&scr=110.13988&bscr=110.13988&aq=6047600018300130771&elckey=2824318771654233275: HTTP 
Error 403: Forbidden
FAILED: row 710 (Scout ID 79), Pattern / Social Commerce Manager: Full job description unavailable; stored excerpt is 
short. Request failed for https://jooble.org/away/-351029707431364425?p=1&pos=3&rgn=45&cid=19881&ckey=Digital+Marketing
+Analyst&jobAge=32&brelb=10&scr=199.03633&bscr=199.03633&aq=-7746708521834408355&elckey=1936437669267323983: HTTP 
Error 403: Forbidden
FAILED: row 711 (Scout ID 765), Sorenson Communications / Manager of VRS Marketing: Full job description unavailable; 
stored excerpt is short. Request failed for https://jooble.org/away/7627637011504549136?p=1&pos=9&rgn=45&cid=19881&ckey
=Performance+Marketing+Manager&jobAge=57&brelb=100&scr=22.978025&bscr=22.978025&aq=7943356628700062743&elckey=461061089
5258470022: HTTP Error 403: Forbidden
FAILED: row 712 (Scout ID 431), CSL Plasma / Assistant Manager of Quality: Full job description unavailable; stored 
excerpt is short. Request failed for https://jooble.org/away/4707623876113335058?p=1&pos=17&rgn=45&cid=19881&ckey=SEM+M
anager&jobAge=15&brelb=10&scr=105.33199&bscr=105.33199&aq=312606162728990676&elckey=9127450495611118540: HTTP Error 
403: Forbidden
FAILED: row 713 (Scout ID 429), LearnUpon Limited / Senior Contracts Manager: Full job description unavailable; stored 
excerpt is short. Request failed for https://jooble.org/away/-7296030718916249036?p=1&pos=11&rgn=45&cid=19881&ckey=SEM+
Manager&jobAge=16&brelb=10&scr=110.62246&bscr=110.62246&aq=312606162728990676&elckey=9127450495611118540: HTTP Error 
403: Forbidden
FAILED: row 714 (Scout ID 509), LearnUpon Limited / Senior Contracts Manager: Full job description unavailable; stored 
excerpt is short. Request failed for https://jooble.org/away/-809557622362909536?p=1&pos=9&rgn=45&cid=19881&ckey=SEM+Ma
nager&jobAge=56&brelb=10&scr=111.79444&bscr=111.79444&aq=6047600018300130771&elckey=2824318771654233275: HTTP Error 
403: Forbidden
FAILED: row 715 (Scout ID 334), Bill.com / Growth Customer Success Manager: Full job description unavailable; stored 
excerpt is short. Request failed for https://jooble.org/away/7521174329717337789?p=1&pos=13&rgn=45&cid=19881&ckey=Growt
h+Marketing+Manager&jobAge=81&brelb=10&scr=128.52441&bscr=128.52441&aq=-4845301166910488331&elckey=-2170748757937790934
: HTTP Error 403: Forbidden
FAILED: row 716 (Scout ID 221), FLEX Inc / Mid-Market Account Manager: Full job description unavailable; stored 
excerpt is short. Request failed for https://jooble.org/away/5240517335475200305?p=1&pos=5&rgn=45&cid=19881&ckey=Perfor
mance+Marketing+Manager&jobAge=57&brelb=10&scr=28.360819&bscr=28.360819&aq=-2356066731812444795&elckey=-122509306774303
4982: HTTP Error 403: Forbidden
FAILED: row 717 (Scout ID 174), Relativity / Senior Technical Account Manager: Full job description unavailable; 
stored excerpt is short. Request failed for https://jooble.org/away/-5975362045274151979?p=1&pos=17&rgn=45&cid=19881&ck
ey=SEM+Manager&jobAge=41&brelb=10&scr=104.03048&bscr=104.03048&aq=-1432816005702541802&elckey=-7214053335087122717: 
HTTP Error 403: Forbidden
FAILED: row 718 (Scout ID 536), Socket / Social Media & Content Manager: Full job description unavailable; stored 
excerpt is short. Request failed for https://jooble.org/away/1159938274332790630?p=1&pos=17&rgn=45&cid=19881&ckey=Digit
al+Marketing+Analyst&jobAge=80&brelb=100&scr=143.49767&bscr=143.49767&aq=-7746708521834408355&elckey=193643766926732398
3: HTTP Error 403: Forbidden
FAILED: row 719 (Scout ID 453), Socket.dev / Social Media & Content Manager: Full job description unavailable; stored 
excerpt is short. Request failed for https://jooble.org/away/599488271502808192?p=1&pos=20&rgn=45&cid=19881&ckey=Digita
l+Marketing+Analyst&jobAge=57&brelb=100&scr=137.94725&bscr=137.94725&aq=-7401435035580362930&elckey=2390585765005926336
: HTTP Error 403: Forbidden
FAILED: row 720 (Scout ID 89), University of Utah / Marketing Communications Manager: Full job description 
unavailable; stored excerpt is short. Request failed for https://jooble.org/away/-8628431124670087004?p=1&pos=13&rgn=45
&cid=19881&ckey=Digital+Marketing+Manager&jobAge=105&brelb=10&scr=90.76086&bscr=90.76086&aq=-8394746801641089159&elckey
=-561294513985709472: HTTP Error 403: Forbidden
FAILED: row 721 (Scout ID 168), American Equipment HR LLC / Project Manager: Full job description unavailable; stored 
excerpt is short. Request failed for https://jooble.org/away/-242855109020670108?p=1&pos=11&rgn=45&cid=19881&ckey=SEM+M
anager&jobAge=65&brelb=10&scr=105.51347&bscr=105.51347&aq=-1432816005702541802&elckey=-7214053335087122717: HTTP Error 
403: Forbidden
FAILED: row 722 (Scout ID 76), BlueWind Medical Inc / Digital & Marketing Communication Manager: Full job description 
unavailable; stored excerpt is short. Request failed for https://jooble.org/away/6495508075537117034?p=1&pos=2&rgn=45&c
id=19881&ckey=Digital+Marketing+Analyst&jobAge=197&brelb=15&scr=243.85703&bscr=243.85703&aq=-7055049924995949498&elckey
=-5353480066219519453: HTTP Error 403: Forbidden
FAILED: row 723 (Scout ID 294), Energy Exemplar / Social Media Manager: Full job description unavailable; stored 
excerpt is short. Request failed for https://jooble.org/away/2038207199882386316?p=1&pos=17&rgn=45&cid=19881&ckey=Paid+
Search+Manager&jobAge=104&brelb=15&scr=35.297092&bscr=35.297092&aq=-8675216997467002556&elckey=7210467390239349666: 
HTTP Error 403: Forbidden
FAILED: row 724 (Scout ID 299), Gondola / Social Media Manager: Full job description unavailable; stored excerpt is 
short. Request failed for https://jooble.org/away/385236297261776917?p=1&pos=14&rgn=45&cid=19881&ckey=Digital+Marketing
+Analyst&jobAge=81&brelb=100&scr=149.93362&bscr=149.93362&aq=-7401435035580362930&elckey=2390585765005926336: HTTP 
Error 403: Forbidden
FAILED: row 725 (Scout ID 585), SILAC Insurance Company / Marketing Content Manager: Full job description unavailable; 
stored excerpt is short. Request failed for https://jooble.org/desc/-9172279507512790961?ckey=Paid+Media+Manager&rgn=45
&pos=16&groupId=113&elckey=3207415135895564394&p=1&aq=-7572155100410691710&cid=19881&jobAge=106&brelb=15&bscr=89.90525&
scr=89.90525: HTTP Error 403: Forbidden
FAILED: row 726 (Scout ID 441), 1-800 CONTACTS / Marketing Account Manager: Full job description unavailable; stored 
excerpt is short. Request failed for https://jooble.org/away/2210661104325845384?p=1&pos=6&rgn=45&cid=19881&ckey=Perfor
mance+Marketing+Manager&jobAge=105&brelb=10&scr=27.501583&bscr=27.501583&aq=-2356066731812444795&elckey=-12250930677430
34982: HTTP Error 403: Forbidden
FAILED: row 727 (Scout ID 257), Adobe Systems / Sr Web Analytics & Insights Manager: Full job description unavailable; 
stored excerpt is short. Request failed for https://jooble.org/desc/-3492174734127084753?ckey=Marketing+Analytics+Manag
er&rgn=45&pos=1&groupId=-1925849718&elckey=2640968318200608032&p=1&aq=-1004336917629645300&cid=19881&jobAge=105&brelb=1
00&bscr=922.5862&scr=922.5862: HTTP Error 403: Forbidden
FAILED: row 728 (Scout ID 548), Bill.com / Growth Customer Success Manager: Full job description unavailable; stored 
excerpt is short. Request failed for https://jooble.org/away/-4334205846322401902?p=1&pos=16&rgn=45&cid=19881&ckey=Grow
th+Marketing+Manager&jobAge=128&brelb=100&scr=95.64369&bscr=95.64369&aq=-5078218881234082448&elckey=612914255772801545:
 HTTP Error 403: Forbidden
FAILED: row 729 (Scout ID 200), Brigham Young University / Marketing, Communications & Events Manager (part-time, 28 
hours/week): Full job description unavailable; stored excerpt is short. Request failed for https://jooble.org/away/-408
8915615331674626?p=1&pos=3&rgn=45&cid=19881&ckey=Digital+Marketing+Analyst&jobAge=105&brelb=100&scr=212.63615&bscr=212.
63615&aq=-7401435035580362930&elckey=2390585765005926336: HTTP Error 403: Forbidden
FAILED: row 730 (Scout ID 533), CallTower / Marketing Operations Manager: Full job description unavailable; stored 
excerpt is short. Request failed for https://jooble.org/away/7671435368978599375?p=1&pos=20&rgn=45&cid=19881&ckey=Marke
ting+Analytics+Manager&jobAge=128&brelb=100&scr=168.50824&bscr=168.50824&aq=-4960754902038997061&elckey=-86801275811611
20593: HTTP Error 403: Forbidden
FAILED: row 731 (Scout ID 224), CRST The Transportation Solution / Market Manager: Full job description unavailable; 
stored excerpt is short. Request failed for https://jooble.org/away/-4864182962649819382?p=1&pos=13&rgn=45&cid=19881&ck
ey=Performance+Marketing+Manager&jobAge=57&brelb=10&scr=22.144579&bscr=22.144579&aq=-2356066731812444795&elckey=-122509
3067743034982: HTTP Error 403: Forbidden
FAILED: row 732 (Scout ID 301), Pressed Floral / Social Media Manager: Full job description unavailable; stored 
excerpt is short. Request failed for https://jooble.org/away/-5497970392929957263?p=1&pos=8&rgn=45&cid=19881&ckey=Digit
al+Marketing+Analyst&jobAge=105&brelb=100&scr=152.62375&bscr=152.62375&aq=-7401435035580362930&elckey=23905857650059263
36: HTTP Error 403: Forbidden
FAILED: row 733 (Scout ID 304), Unrivaled Sports / Social Media Manager: Full job description unavailable; stored 
excerpt is short. Request failed for https://jooble.org/away/-2006576276359650166?p=1&pos=9&rgn=45&cid=19881&ckey=Digit
al+Marketing+Analyst&jobAge=105&brelb=100&scr=150.18465&bscr=150.18465&aq=-7401435035580362930&elckey=23905857650059263
36: HTTP Error 403: Forbidden
FAILED: row 734 (Scout ID 172), FairCom / Technical Account Manager: Full job description unavailable; stored excerpt 
is short. Request failed for https://jooble.org/away/-8644574388078950222?p=1&pos=15&rgn=45&cid=19881&ckey=SEM+Manager&
jobAge=113&brelb=10&scr=104.05441&bscr=104.05441&aq=-1432816005702541802&elckey=-7214053335087122717: HTTP Error 403: 
Forbidden
FAILED: row 735 (Scout ID 303), TBD_2019_01_10_Wildworks / SOCIAL MEDIA MANAGER: Full job description unavailable; 
stored excerpt is short. Request failed for https://jooble.org/away/-8829926386058806281?p=1&pos=18&rgn=45&cid=19881&ck
ey=Digital+Marketing+Analyst&jobAge=129&brelb=100&scr=148.6154&bscr=148.6154&aq=-7401435035580362930&elckey=23905857650
05926336: HTTP Error 403: Forbidden
FAILED: row 736 (Scout ID 173), AfterShip / Technical Account Manager: Full job description unavailable; stored 
excerpt is short. Request failed for https://jooble.org/away/6111708524499703067?p=1&pos=16&rgn=45&cid=19881&ckey=SEM+M
anager&jobAge=137&brelb=10&scr=104.03696&bscr=104.03696&aq=-1432816005702541802&elckey=-7214053335087122717: HTTP 
Error 403: Forbidden
FAILED: row 737 (Scout ID 297), America First Credit Union / Social Media Manager: Full job description unavailable; 
stored excerpt is short. Request failed for https://jooble.org/away/1520585988045463298?p=1&pos=16&rgn=45&cid=19881&cke
y=Digital+Marketing+Analyst&jobAge=153&brelb=100&scr=149.01295&bscr=149.01295&aq=-7401435035580362930&elckey=2390585765
005926336: HTTP Error 403: Forbidden
FAILED: row 738 (Scout ID 177), Papa John's / Assistant General Manager: Full job description unavailable; stored 
excerpt is short. Request failed for https://jooble.org/away/4870994269092937463?p=1&pos=20&rgn=45&cid=19881&ckey=SEM+M
anager&jobAge=137&brelb=10&scr=102.925804&bscr=102.925804&aq=-1432816005702541802&elckey=-7214053335087122717: HTTP 
Error 403: Forbidden
FAILED: row 739 (Scout ID 46), Humana / Lead Program Delivery: Full job description unavailable; stored excerpt is 
short. Request failed for 
https://www.adzuna.com/land/ad/5882518435?se=UvWxnwm18RGk6dCvHcHp9g&v=8E2E3C0B7835EBA93A955496E7E03F43212C0A37: HTTP 
Error 403: Forbidden
Traceback (most recent call last):
  File "C:\Users\DCALL\Desktop\gecko\job-scout\google_tracker.py", line 134, in tab
    fields="sheets(properties(sheetId,title,gridProperties(rowCount)))").execute()
                                                                         ~~~~~~~^^
  File "C:\Users\DCALL\AppData\Local\Programs\Python\Python313\Lib\site-packages\googleapiclient\_helpers.py", line 
130, in positional_wrapper
    return wrapped(*args, **kwargs)
  File "C:\Users\DCALL\AppData\Local\Programs\Python\Python313\Lib\site-packages\googleapiclient\http.py", line 938, 
in execute
    raise HttpError(resp, content, uri=self.uri)
googleapiclient.errors.HttpError: <HttpError 429 when requesting https://sheets.googleapis.com/v4/spreadsheets/1-HnqGq3
Il7SZDlNdB6vChN4GAznxWh8ZHjS7Czq8t8I?fields=sheets%28properties%28sheetId%2Ctitle%2CgridProperties%28rowCount%29%29%29&
alt=json returned "Quota exceeded for quota metric 'Read requests' and limit 'Read requests per minute per user' of 
service 'sheets.googleapis.com' for consumer 'project_number:443572745502'.". Details: "[{'@type': 
'type.googleapis.com/google.rpc.ErrorInfo', 'reason': 'RATE_LIMIT_EXCEEDED', 'domain': 'googleapis.com', 'metadata': 
{'window_start_time': '1790342445', 'quota_location': 'global', 'consumer': 'projects/443572745502', 'quota_metric': 
'sheets.googleapis.com/read_requests', 'quota_limit': 'ReadRequestsPerMinutePerUser', 'quota_limit_value': '60', 
'service': 'sheets.googleapis.com', 'quota_unit': '1/min/{project}/{user}'}}, {'@type': 
'type.googleapis.com/google.rpc.Help', 'links': [{'description': 'Request a higher quota limit.', 'url': 
'https://cloud.google.com/docs/quotas/help/request_increase'}]}]">

The above exception was the direct cause of the following exception:

Traceback (most recent call last):
  File "C:\Users\DCALL\Desktop\gecko\scripts\generate_apply_queue.py", line 242, in <module>
    raise SystemExit(main())
                     ~~~~^^
  File "C:\Users\DCALL\Desktop\gecko\scripts\generate_apply_queue.py", line 238, in main
    return run_queue(GoogleTracker(), args.db.resolve(), dry_run=args.dry_run)
  File "C:\Users\DCALL\Desktop\gecko\scripts\generate_apply_queue.py", line 201, in run_queue
    if not _still_pending(tracker, item):
           ~~~~~~~~~~~~~~^^^^^^^^^^^^^^^
  File "C:\Users\DCALL\Desktop\gecko\scripts\generate_apply_queue.py", line 80, in _still_pending
    row = next((data for number, data in tracker.scout().rows if number == item.row), None)
                                         ~~~~~~~~~~~~~^^
  File "C:\Users\DCALL\Desktop\gecko\job-scout\google_tracker.py", line 166, in scout
    tab = self.tab(self.config.scout_tab)
  File "C:\Users\DCALL\Desktop\gecko\job-scout\google_tracker.py", line 142, in tab
    raise RuntimeError(f"Cannot read Google Sheets {title!r}: {error}") from error
RuntimeError: Cannot read Google Sheets 'Job Scout': <HttpError 429 when requesting https://sheets.googleapis.com/v4/sp
readsheets/1-HnqGq3Il7SZDlNdB6vChN4GAznxWh8ZHjS7Czq8t8I?fields=sheets%28properties%28sheetId%2Ctitle%2CgridProperties%2
8rowCount%29%29%29&alt=json returned "Quota exceeded for quota metric 'Read requests' and limit 'Read requests per 
minute per user' of service 'sheets.googleapis.com' for consumer 'project_number:443572745502'.". Details: "[{'@type': 
'type.googleapis.com/google.rpc.ErrorInfo', 'reason': 'RATE_LIMIT_EXCEEDED', 'domain': 'googleapis.com', 'metadata': 
{'window_start_time': '1790342445', 'quota_location': 'global', 'consumer': 'projects/443572745502', 'quota_metric': 
'sheets.googleapis.com/read_requests', 'quota_limit': 'ReadRequestsPerMinutePerUser', 'quota_limit_value': '60', 
'service': 'sheets.googleapis.com', 'quota_unit': '1/min/{project}/{user}'}}, {'@type': 
'type.googleapis.com/google.rpc.Help', 'links': [{'description': 'Request a higher quota limit.', 'url': 
'https://cloud.google.com/docs/quotas/help/request_increase'}]}]">
Eligible rows: 195; already marked X: 350
SKIP: row 2 (Scout ID 688): Resume Created = X
SKIP: row 3 (Scout ID 26): Resume Created = X
SKIP: row 4 (Scout ID 708): Resume Created = X
SKIP: row 5 (Scout ID 701): Resume Created = X
SKIP: row 6 (Scout ID 687): Resume Created = X
SKIP: row 8 (Scout ID 691): Resume Created = X
SKIP: row 9 (Scout ID 37): Resume Created = X
SKIP: row 10 (Scout ID 692): Resume Created = X
SKIP: row 12 (Scout ID 700): Resume Created = X
SKIP: row 14 (Scout ID 62): Resume Created = X
SKIP: row 15 (Scout ID 695): Resume Created = X
SKIP: row 16 (Scout ID 690): Resume Created = X
SKIP: row 17 (Scout ID 72): Resume Created = X
SKIP: row 19 (Scout ID 722): Resume Created = X
SKIP: row 20 (Scout ID 717): Resume Created = X
SKIP: row 21 (Scout ID 398): Resume Created = X
SKIP: row 22 (Scout ID 707): Resume Created = X
SKIP: row 27 (Scout ID 847): Resume Created = X
SKIP: row 29 (Scout ID 715): Resume Created = X
SKIP: row 30 (Scout ID 64): Resume Created = X
SKIP: row 31 (Scout ID 66): Resume Created = X
SKIP: row 32 (Scout ID 716): Resume Created = X
SKIP: row 33 (Scout ID 2): Resume Created = X
SKIP: row 35 (Scout ID 39): Resume Created = X
SKIP: row 37 (Scout ID 779): Resume Created = X
SKIP: row 38 (Scout ID 71): Resume Created = X
SKIP: row 39 (Scout ID 245): Resume Created = X
SKIP: row 41 (Scout ID 710): Resume Created = X
SKIP: row 46 (Scout ID 88): Resume Created = X
SKIP: row 47 (Scout ID 571): Resume Created = X
SKIP: row 48 (Scout ID 561): Resume Created = X
SKIP: row 49 (Scout ID 41): Resume Created = X
SKIP: row 50 (Scout ID 78): Resume Created = X
SKIP: row 51 (Scout ID 50): Resume Created = X
SKIP: row 52 (Scout ID 4): Resume Created = X
SKIP: row 53 (Scout ID 568): Resume Created = X
SKIP: row 54 (Scout ID 569): Resume Created = X
SKIP: row 57 (Scout ID 83): Resume Created = X
SKIP: row 59 (Scout ID 85): Resume Created = X
SKIP: row 62 (Scout ID 487): Resume Created = X
SKIP: row 63 (Scout ID 74): Resume Created = X
SKIP: row 64 (Scout ID 107): Resume Created = X
SKIP: row 65 (Scout ID 31): Resume Created = X
SKIP: row 68 (Scout ID 157): Resume Created = X
SKIP: row 69 (Scout ID 344): Resume Created = X
SKIP: row 70 (Scout ID 238): Resume Created = X
SKIP: row 71 (Scout ID 259): Resume Created = X
SKIP: row 72 (Scout ID 73): Resume Created = X
SKIP: row 73 (Scout ID 70): Resume Created = X
SKIP: row 74 (Scout ID 705): Resume Created = X
SKIP: row 75 (Scout ID 696): Resume Created = X
SKIP: row 76 (Scout ID 698): Resume Created = X
SKIP: row 81 (Scout ID 264): Resume Created = X
SKIP: row 82 (Scout ID 84): Resume Created = X
SKIP: row 83 (Scout ID 154): Resume Created = X
SKIP: row 84 (Scout ID 276): Resume Created = X
SKIP: row 85 (Scout ID 77): Resume Created = X
SKIP: row 87 (Scout ID 103): Resume Created = X
SKIP: row 88 (Scout ID 545): Resume Created = X
SKIP: row 91 (Scout ID 560): Resume Created = X
SKIP: row 92 (Scout ID 38): Resume Created = X
SKIP: row 94 (Scout ID 3): Resume Created = X
SKIP: row 103 (Scout ID 140): Resume Created = X
SKIP: row 104 (Scout ID 355): Resume Created = X
SKIP: row 105 (Scout ID 167): Resume Created = X
SKIP: row 106 (Scout ID 544): Resume Created = X
SKIP: row 108 (Scout ID 17): Resume Created = X
SKIP: row 109 (Scout ID 87): Resume Created = X
SKIP: row 110 (Scout ID 68): Resume Created = X
SKIP: row 112 (Scout ID 638): Resume Created = X
SKIP: row 117 (Scout ID 798): Resume Created = X
SKIP: row 126 (Scout ID 576): Resume Created = X
SKIP: row 127 (Scout ID 612): Resume Created = X
SKIP: row 128 (Scout ID 56): Resume Created = X
SKIP: row 129 (Scout ID 346): Resume Created = X
SKIP: row 131 (Scout ID 546): Resume Created = X
SKIP: row 132 (Scout ID 328): Resume Created = X
SKIP: row 133 (Scout ID 244): Resume Created = X
SKIP: row 134 (Scout ID 673): Resume Created = X
SKIP: row 135 (Scout ID 815): Resume Created = X
SKIP: row 136 (Scout ID 814): Resume Created = X
SKIP: row 137 (Scout ID 258): Resume Created = X
SKIP: row 138 (Scout ID 547): Resume Created = X
SKIP: row 139 (Scout ID 356): Resume Created = X
SKIP: row 140 (Scout ID 351): Resume Created = X
SKIP: row 141 (Scout ID 242): Resume Created = X
SKIP: row 142 (Scout ID 330): Resume Created = X
SKIP: row 143 (Scout ID 329): Resume Created = X
SKIP: row 144 (Scout ID 620): Resume Created = X
SKIP: row 145 (Scout ID 80): Resume Created = X
SKIP: row 150 (Scout ID 112): Resume Created = X
SKIP: row 151 (Scout ID 808): Resume Created = X
SKIP: row 153 (Scout ID 212): Resume Created = X
SKIP: row 157 (Scout ID 709): Resume Created = X
SKIP: row 158 (Scout ID 704): Resume Created = X
SKIP: row 160 (Scout ID 280): Resume Created = X
SKIP: row 161 (Scout ID 769): Resume Created = X
SKIP: row 165 (Scout ID 502): Resume Created = X
SKIP: row 166 (Scout ID 486): Resume Created = X
SKIP: row 168 (Scout ID 675): Resume Created = X
SKIP: row 185 (Scout ID 444): Resume Created = X
SKIP: row 191 (Scout ID 845): Resume Created = X
SKIP: row 195 (Scout ID 128): Resume Created = X
SKIP: row 200 (Scout ID 281): Resume Created = X
SKIP: row 206 (Scout ID 379): Resume Created = X
SKIP: row 208 (Scout ID 277): Resume Created = X
SKIP: row 220 (Scout ID 613): Resume Created = X
SKIP: row 228 (Scout ID 729): Resume Created = X
SKIP: row 229 (Scout ID 683): Resume Created = X
SKIP: row 230 (Scout ID 616): Resume Created = X
SKIP: row 231 (Scout ID 208): Resume Created = X
SKIP: row 245 (Scout ID 16): Resume Created = X
SKIP: row 246 (Scout ID 694): Resume Created = X
SKIP: row 248 (Scout ID 135): Resume Created = X
SKIP: row 252 (Scout ID 292): Resume Created = X
SKIP: row 253 (Scout ID 724): Resume Created = X
SKIP: row 254 (Scout ID 726): Resume Created = X
SKIP: row 255 (Scout ID 415): Resume Created = X
SKIP: row 258 (Scout ID 558): Resume Created = X
SKIP: row 259 (Scout ID 58): Resume Created = X
SKIP: row 261 (Scout ID 21): Resume Created = X
SKIP: row 262 (Scout ID 566): Resume Created = X
SKIP: row 264 (Scout ID 727): Resume Created = X
SKIP: row 265 (Scout ID 319): Resume Created = X
SKIP: row 266 (Scout ID 651): Resume Created = X
SKIP: row 267 (Scout ID 206): Resume Created = X
SKIP: row 268 (Scout ID 501): Resume Created = X
SKIP: row 269 (Scout ID 643): Resume Created = X
SKIP: row 274 (Scout ID 198): Resume Created = X
SKIP: row 276 (Scout ID 369): Resume Created = X
SKIP: row 277 (Scout ID 655): Resume Created = X
SKIP: row 278 (Scout ID 409): Resume Created = X
SKIP: row 280 (Scout ID 81): Resume Created = X
SKIP: row 281 (Scout ID 364): Resume Created = X
SKIP: row 282 (Scout ID 469): Resume Created = X
SKIP: row 283 (Scout ID 470): Resume Created = X
SKIP: row 286 (Scout ID 838): Resume Created = X
SKIP: row 294 (Scout ID 837): Resume Created = X
SKIP: row 306 (Scout ID 676): Resume Created = X
SKIP: row 309 (Scout ID 57): Resume Created = X
SKIP: row 317 (Scout ID 152): Resume Created = X
SKIP: row 318 (Scout ID 311): Resume Created = X
SKIP: row 319 (Scout ID 61): Resume Created = X
SKIP: row 320 (Scout ID 63): Resume Created = X
SKIP: row 321 (Scout ID 23): Resume Created = X
SKIP: row 322 (Scout ID 67): Resume Created = X
SKIP: row 323 (Scout ID 416): Resume Created = X
SKIP: row 324 (Scout ID 474): Resume Created = X
SKIP: row 329 (Scout ID 505): Resume Created = X
SKIP: row 330 (Scout ID 738): Resume Created = X
SKIP: row 332 (Scout ID 686): Resume Created = X
SKIP: row 334 (Scout ID 371): Resume Created = X
SKIP: row 337 (Scout ID 370): Resume Created = X
SKIP: row 338 (Scout ID 615): Resume Created = X
SKIP: row 341 (Scout ID 368): Resume Created = X
SKIP: row 342 (Scout ID 491): Resume Created = X
SKIP: row 343 (Scout ID 143): Resume Created = X
SKIP: row 344 (Scout ID 573): Resume Created = X
SKIP: row 346 (Scout ID 367): Resume Created = X
SKIP: row 347 (Scout ID 90): Resume Created = X
SKIP: row 351 (Scout ID 111): Resume Created = X
SKIP: row 353 (Scout ID 362): Resume Created = X
SKIP: row 355 (Scout ID 587): Resume Created = X
SKIP: row 356 (Scout ID 404): Resume Created = X
SKIP: row 361 (Scout ID 375): Resume Created = X
SKIP: row 363 (Scout ID 758): Resume Created = X
SKIP: row 365 (Scout ID 767): Resume Created = X
SKIP: row 372 (Scout ID 842): Resume Created = X
SKIP: row 375 (Scout ID 658): Resume Created = X
SKIP: row 380 (Scout ID 265): Resume Created = X
SKIP: row 383 (Scout ID 86): Resume Created = X
SKIP: row 384 (Scout ID 728): Resume Created = X
SKIP: row 397 (Scout ID 127): Resume Created = X
SKIP: row 398 (Scout ID 133): Resume Created = X
SKIP: row 399 (Scout ID 682): Resume Created = X
SKIP: row 400 (Scout ID 7): Resume Created = X
SKIP: row 401 (Scout ID 564): Resume Created = X
SKIP: row 402 (Scout ID 565): Resume Created = X
SKIP: row 403 (Scout ID 781): Resume Created = X
SKIP: row 408 (Scout ID 448): Resume Created = X
SKIP: row 412 (Scout ID 323): Resume Created = X
SKIP: row 415 (Scout ID 467): Resume Created = X
SKIP: row 418 (Scout ID 365): Resume Created = X
SKIP: row 427 (Scout ID 427): Resume Created = X
SKIP: row 433 (Scout ID 363): Resume Created = X
SKIP: row 450 (Scout ID 225): Resume Created = X
SKIP: row 453 (Scout ID 734): Resume Created = X
SKIP: row 457 (Scout ID 721): Resume Created = X
SKIP: row 458 (Scout ID 559): Resume Created = X
SKIP: row 459 (Scout ID 54): Resume Created = X
SKIP: row 460 (Scout ID 652): Resume Created = X
SKIP: row 463 (Scout ID 583): Resume Created = X
SKIP: row 466 (Scout ID 523): Resume Created = X
SKIP: row 467 (Scout ID 669): Resume Created = X
SKIP: row 471 (Scout ID 714): Resume Created = X
SKIP: row 472 (Scout ID 471): Resume Created = X
SKIP: row 473 (Scout ID 485): Resume Created = X
SKIP: row 474 (Scout ID 481): Resume Created = X
SKIP: row 475 (Scout ID 183): Resume Created = X
SKIP: row 476 (Scout ID 190): Resume Created = X
SKIP: row 478 (Scout ID 574): Resume Created = X
SKIP: row 480 (Scout ID 332): Resume Created = X
SKIP: row 481 (Scout ID 567): Resume Created = X
SKIP: row 482 (Scout ID 617): Resume Created = X
SKIP: row 484 (Scout ID 458): Resume Created = X
SKIP: row 487 (Scout ID 331): Resume Created = X
SKIP: row 488 (Scout ID 298): Resume Created = X
SKIP: row 489 (Scout ID 158): Resume Created = X
SKIP: row 490 (Scout ID 335): Resume Created = X
SKIP: row 492 (Scout ID 403): Resume Created = X
SKIP: row 493 (Scout ID 488): Resume Created = X
SKIP: row 494 (Scout ID 654): Resume Created = X
SKIP: row 497 (Scout ID 642): Resume Created = X
SKIP: row 499 (Scout ID 657): Resume Created = X
SKIP: row 500 (Scout ID 641): Resume Created = X
SKIP: row 504 (Scout ID 116): Resume Created = X
SKIP: row 506 (Scout ID 466): Resume Created = X
SKIP: row 508 (Scout ID 531): Resume Created = X
SKIP: row 509 (Scout ID 584): Resume Created = X
SKIP: row 510 (Scout ID 680): Resume Created = X
SKIP: row 511 (Scout ID 554): Resume Created = X
SKIP: row 512 (Scout ID 832): Resume Created = X
SKIP: row 513 (Scout ID 414): Resume Created = X
SKIP: row 514 (Scout ID 580): Resume Created = X
SKIP: row 516 (Scout ID 223): Resume Created = X
SKIP: row 518 (Scout ID 179): Resume Created = X
SKIP: row 519 (Scout ID 231): Resume Created = X
SKIP: row 522 (Scout ID 260): Resume Created = X
SKIP: row 523 (Scout ID 267): Resume Created = X
SKIP: row 527 (Scout ID 270): Resume Created = X
SKIP: row 528 (Scout ID 261): Resume Created = X
SKIP: row 529 (Scout ID 333): Resume Created = X
SKIP: row 533 (Scout ID 737): Resume Created = X
SKIP: row 538 (Scout ID 649): Resume Created = X
SKIP: row 540 (Scout ID 504): Resume Created = X
SKIP: row 541 (Scout ID 36): Resume Created = X
SKIP: row 542 (Scout ID 816): Resume Created = X
SKIP: row 543 (Scout ID 800): Resume Created = X
SKIP: row 544 (Scout ID 549): Resume Created = X
SKIP: row 545 (Scout ID 581): Resume Created = X
SKIP: row 549 (Scout ID 801): Resume Created = X
SKIP: row 550 (Scout ID 457): Resume Created = X
SKIP: row 551 (Scout ID 233): Resume Created = X
SKIP: row 552 (Scout ID 226): Resume Created = X
SKIP: row 553 (Scout ID 263): Resume Created = X
SKIP: row 554 (Scout ID 430): Resume Created = X
SKIP: row 555 (Scout ID 795): Resume Created = X
SKIP: row 557 (Scout ID 599): Resume Created = X
SKIP: row 561 (Scout ID 770): Resume Created = X
SKIP: row 562 (Scout ID 782): Resume Created = X
SKIP: row 563 (Scout ID 783): Resume Created = X
SKIP: row 564 (Scout ID 784): Resume Created = X
SKIP: row 565 (Scout ID 796): Resume Created = X
SKIP: row 566 (Scout ID 793): Resume Created = X
SKIP: row 567 (Scout ID 662): Resume Created = X
SKIP: row 568 (Scout ID 460): Resume Created = X
SKIP: row 569 (Scout ID 794): Resume Created = X
SKIP: row 570 (Scout ID 764): Resume Created = X
SKIP: row 571 (Scout ID 780): Resume Created = X
SKIP: row 572 (Scout ID 227): Resume Created = X
SKIP: row 573 (Scout ID 446): Resume Created = X
SKIP: row 574 (Scout ID 785): Resume Created = X
SKIP: row 575 (Scout ID 610): Resume Created = X
SKIP: row 576 (Scout ID 771): Resume Created = X
SKIP: row 577 (Scout ID 374): Resume Created = X
SKIP: row 578 (Scout ID 305): Resume Created = X
SKIP: row 579 (Scout ID 445): Resume Created = X
SKIP: row 580 (Scout ID 609): Resume Created = X
SKIP: row 581 (Scout ID 340): Resume Created = X
SKIP: row 582 (Scout ID 337): Resume Created = X
SKIP: row 583 (Scout ID 230): Resume Created = X
SKIP: row 584 (Scout ID 339): Resume Created = X
SKIP: row 585 (Scout ID 608): Resume Created = X
SKIP: row 586 (Scout ID 234): Resume Created = X
SKIP: row 587 (Scout ID 586): Resume Created = X
SKIP: row 588 (Scout ID 528): Resume Created = X
SKIP: row 589 (Scout ID 262): Resume Created = X
SKIP: row 590 (Scout ID 703): Resume Created = X
SKIP: row 591 (Scout ID 477): Resume Created = X
SKIP: row 595 (Scout ID 672): Resume Created = X
SKIP: row 597 (Scout ID 366): Resume Created = X
SKIP: row 598 (Scout ID 553): Resume Created = X
SKIP: row 599 (Scout ID 15): Resume Created = X
SKIP: row 600 (Scout ID 563): Resume Created = X
SKIP: row 601 (Scout ID 611): Resume Created = X
SKIP: row 602 (Scout ID 6): Resume Created = X
SKIP: row 603 (Scout ID 582): Resume Created = X
SKIP: row 604 (Scout ID 529): Resume Created = X
SKIP: row 605 (Scout ID 797): Resume Created = X
SKIP: row 606 (Scout ID 296): Resume Created = X
SKIP: row 607 (Scout ID 834): Resume Created = X
SKIP: row 608 (Scout ID 178): Resume Created = X
SKIP: row 609 (Scout ID 229): Resume Created = X
SKIP: row 610 (Scout ID 443): Resume Created = X
SKIP: row 611 (Scout ID 235): Resume Created = X
SKIP: row 612 (Scout ID 406): Resume Created = X
SKIP: row 613 (Scout ID 144): Resume Created = X
SKIP: row 615 (Scout ID 295): Resume Created = X
SKIP: row 616 (Scout ID 452): Resume Created = X
SKIP: row 617 (Scout ID 28): Resume Created = X
SKIP: row 618 (Scout ID 478): Resume Created = X
SKIP: row 619 (Scout ID 508): Resume Created = X
SKIP: row 622 (Scout ID 740): Resume Created = X
SKIP: row 624 (Scout ID 753): Resume Created = X
SKIP: row 626 (Scout ID 159): Resume Created = X
SKIP: row 627 (Scout ID 82): Resume Created = X
SKIP: row 630 (Scout ID 266): Resume Created = X
SKIP: row 631 (Scout ID 530): Resume Created = X
SKIP: row 632 (Scout ID 271): Resume Created = X
SKIP: row 633 (Scout ID 10): Resume Created = X
SKIP: row 634 (Scout ID 766): Resume Created = X
SKIP: row 635 (Scout ID 236): Resume Created = X
SKIP: row 636 (Scout ID 30): Resume Created = X
SKIP: row 637 (Scout ID 11): Resume Created = X
SKIP: row 638 (Scout ID 13): Resume Created = X
SKIP: row 642 (Scout ID 19): Resume Created = X
SKIP: row 643 (Scout ID 306): Resume Created = X
SKIP: row 645 (Scout ID 279): Resume Created = X
SKIP: row 647 (Scout ID 228): Resume Created = X
SKIP: row 648 (Scout ID 162): Resume Created = X
SKIP: row 649 (Scout ID 532): Resume Created = X
SKIP: row 650 (Scout ID 341): Resume Created = X
SKIP: row 653 (Scout ID 472): Resume Created = X
SKIP: row 654 (Scout ID 768): Resume Created = X
SKIP: row 655 (Scout ID 199): Resume Created = X
SKIP: row 656 (Scout ID 222): Resume Created = X
SKIP: row 662 (Scout ID 376): Resume Created = X
SKIP: row 664 (Scout ID 1): Resume Created = X
SKIP: row 665 (Scout ID 47): Resume Created = X
SKIP: row 666 (Scout ID 32): Resume Created = X
SKIP: row 667 (Scout ID 35): Resume Created = X
python : FAILED: row 680 (Scout ID 5), EY / Americas Area AV Design Consultant Assistant Director: Full job 
description unavailable; stored excerpt is short. Request failed for 
https://www.adzuna.com/land/ad/5868745883?se=XuDSmwm18RGSI57gYuD12g&v=4F59E92C19FF4FA8E200723A7682E4733995BC59: HTTP 
Error 403: Forbidden
At line:2 char:1
+ python scripts/generate_apply_queue.py >> output/apply-queue-run.log  ...
+ ~~~~~~~~~~~~~~~~~~~~~~~~~~~~~~~~~~~~~~~~~~~~~~~~~~~~~~~~~~~~~~~~~~~~~
    + CategoryInfo          : NotSpecified: (FAILED: row 680... 403: Forbidden:String) [], RemoteException
    + FullyQualifiedErrorId : NativeCommandError
 
FAILED: row 682 (Scout ID 579), Pura / Senior Manager, Influencer Marketing & Experiential: Full job description 
unavailable; stored excerpt is short. Request failed for https://jooble.org/away/8857195067964454177?p=1&pos=10&rgn=45&
cid=19881&ckey=Performance+Marketing+Manager&jobAge=610&brelb=110&scr=22.134556&bscr=22.134556&aq=4374244782901144798&e
lckey=3980193429167075095: HTTP Error 403: Forbidden
FAILED: row 683 (Scout ID 34), Vail Resorts / Sr. Manager, Relationship Marketing: Full job description unavailable; 
stored excerpt is short. Request failed for 
https://www.adzuna.com/land/ad/5855047055?se=UvWxnwm18RGk6dCvHcHp9g&v=4C185DFBAC64444D77F63CDC154CAC2A8BA00D41: HTTP 
Error 403: Forbidden
FAILED: row 685 (Scout ID 53), Under Armour, Inc. / Sr. Product Manager - Analytics and Data Governance: Full job 
description unavailable; stored excerpt is short. Request failed for 
https://www.adzuna.com/land/ad/5815003316?se=UvWxnwm18RGk6dCvHcHp9g&v=A4E5A32E8A71691E2220D5C1B5C7101901F7A95E: HTTP 
Error 403: Forbidden
FAILED: row 686 (Scout ID 570), Vail Resorts / Director, Marketing Performance Analytics: Full job description 
unavailable; stored excerpt is short. Request failed for 
https://www.adzuna.com/land/ad/5806906466?se=dnQat9u18RGyxqEDqklCVQ&v=BA2D9F56FA9DC8D0C07D0852B5950A3F9BD04BD9: HTTP 
Error 403: Forbidden
FAILED: row 687 (Scout ID 55), Oracle / CEGIU Demo Data Strategy Intern - OVIP: Full job description unavailable; 
stored excerpt is short. Request failed for 
https://www.adzuna.com/land/ad/5737302468?se=UvWxnwm18RGk6dCvHcHp9g&v=ECA4D8E85511D1FA3D331A83ACCA88633488C2D3: HTTP 
Error 403: Forbidden
FAILED: row 690 (Scout ID 42), Capital One / Sr. Business Analyst, Capital One Shopping (Remote - Eligible): Full job 
description unavailable; stored excerpt is short. Request failed for 
https://www.adzuna.com/land/ad/5890506740?se=UvWxnwm18RGk6dCvHcHp9g&v=4E05D3907F797FBC865C0770D738AAEBC0545523: HTTP 
Error 403: Forbidden
FAILED: row 692 (Scout ID 269), Utah First Credit Union / Senior Vice President, Chief Marketing Officer: Full job 
description unavailable; stored excerpt is short. Request failed for https://jooble.org/desc/1582081920716739331?ckey=M
arketing+Analytics+Manager&rgn=45&pos=18&groupId=-1925849718&elckey=4746208561211918391&p=1&aq=8693656455920257509&cid=
19881&jobAge=89&brelb=15&bscr=203.5825&scr=203.5825: HTTP Error 403: Forbidden
FAILED: row 694 (Scout ID 65), Compass / Account Executive: Full job description unavailable; stored excerpt is short. 
Request failed for 
https://www.adzuna.com/land/ad/5850689878?se=gOHboQm18RGSI57gYuD12g&v=9240EE82E31170E6292FD60CA1C461135D11430E: HTTP 
Error 403: Forbidden
FAILED: row 698 (Scout ID 526), 1-800 Contacts / Marketing Account Manager: Full job description unavailable; stored 
excerpt is short. Request failed for https://jooble.org/away/-1121893985835614645?p=1&pos=5&rgn=45&cid=19881&ckey=Perfo
rmance+Marketing+Manager&jobAge=8&brelb=115&scr=33.532364&bscr=33.532364&aq=6645250561048359475&elckey=6101240132802130
456: HTTP Error 403: Forbidden
FAILED: row 699 (Scout ID 507), Icon Power, Llc / Traveling Solar Sales Manager: Full job description unavailable; 
stored excerpt is short. Request failed for https://jooble.org/away/-434377114832638529?p=1&pos=5&rgn=45&cid=19881&ckey
=SEM+Manager&jobAge=8&brelb=115&scr=125.263664&bscr=125.263664&aq=6047600018300130771&elckey=2824318771654233275: HTTP 
Error 403: Forbidden
FAILED: row 700 (Scout ID 512), Austin Careers / Assistant Field Office Manager (Lehi, UT) - Austin Commercial: Full 
job description unavailable; stored excerpt is short. Request failed for https://jooble.org/desc/9114083075193598203?ck
ey=SEM+Manager&rgn=45&pos=16&groupId=33600&elckey=2824318771654233275&p=1&aq=6047600018300130771&cid=19881&jobAge=32&br
elb=115&bscr=106.61458&scr=106.61458: HTTP Error 403: Forbidden
FAILED: row 701 (Scout ID 527), Verkada / Regional Sales Manager, Mid-Market Select: Full job description unavailable; 
stored excerpt is short. Request failed for https://jooble.org/desc/-949134478668599436?ckey=Performance+Marketing+Mana
ger&rgn=45&pos=8&groupId=42795&elckey=6101240132802130456&p=1&aq=6645250561048359475&cid=19881&jobAge=32&brelb=115&bscr
=23.170525&scr=23.170525: HTTP Error 403: Forbidden
FAILED: row 702 (Scout ID 428), Alpla Inc. / Asst. Production Manager: Full job description unavailable; stored 
excerpt is short. Request failed for https://jooble.org/desc/-1682181680824300475?ckey=SEM+Manager&rgn=45&pos=6&groupId
=33600&elckey=9127450495611118540&p=1&aq=312606162728990676&cid=19881&jobAge=81&brelb=100&bscr=118.545425&scr=118.54542
5: HTTP Error 403: Forbidden
FAILED: row 705 (Scout ID 302), Pattern / Digital Advertising Strategist- Marketplaces: Full job description 
unavailable; stored excerpt is short. Request failed for https://jooble.org/away/3245845963235237630?p=1&pos=17&rgn=45&
cid=19881&ckey=Digital+Marketing+Analyst&jobAge=561&brelb=15&scr=148.79517&bscr=148.79517&aq=-7401435035580362930&elcke
y=2390585765005926336: HTTP Error 403: Forbidden
FAILED: row 706 (Scout ID 338), Ken Garff Automotive Group / Marketing and Events Manager: Full job description 
unavailable; stored excerpt is short. Request failed for https://jooble.org/away/-6707523833281018239?p=1&pos=16&rgn=45
&cid=19881&ckey=Growth+Marketing+Manager&jobAge=113&brelb=10&scr=92.87148&bscr=92.87148&aq=7846385121162063262&elckey=-
65508514926480575: HTTP Error 403: Forbidden
FAILED: row 707 (Scout ID 833), Proofpoint / Senior Channel Marketing Programs Manager: Full job description 
unavailable; stored excerpt is short. Request failed for https://jooble.org/away/-3209941921163009567?p=1&pos=6&rgn=45&
cid=19881&ckey=E-Commerce+Marketing+Manager&jobAge=33&brelb=100&scr=243.28336&bscr=243.28336&aq=6467313689372115209&elc
key=7798347961026698488: HTTP Error 403: Forbidden
FAILED: row 708 (Scout ID 739), Brex / Senior Marketing Operations Manager: Full job description unavailable; stored 
excerpt is short. Request failed for https://jooble.org/away/8762527705138595879?p=1&pos=15&rgn=45&cid=19881&ckey=SEM+M
anager&jobAge=57&brelb=100&scr=115.71402&bscr=115.71402&aq=-2677518738417185065&elckey=4949202796355851256: HTTP Error 
403: Forbidden
FAILED: row 709 (Scout ID 511), Franklin Covey / Marketing Operations Manager: Full job description unavailable; 
stored excerpt is short. Request failed for https://jooble.org/away/4653068699643577435?p=1&pos=12&rgn=45&cid=19881&cke
y=SEM+Manager&jobAge=32&brelb=10&scr=110.13988&bscr=110.13988&aq=6047600018300130771&elckey=2824318771654233275: HTTP 
Error 403: Forbidden
FAILED: row 710 (Scout ID 79), Pattern / Social Commerce Manager: Full job description unavailable; stored excerpt is 
short. Request failed for https://jooble.org/away/-351029707431364425?p=1&pos=3&rgn=45&cid=19881&ckey=Digital+Marketing
+Analyst&jobAge=32&brelb=10&scr=199.03633&bscr=199.03633&aq=-7746708521834408355&elckey=1936437669267323983: HTTP 
Error 403: Forbidden
FAILED: row 711 (Scout ID 765), Sorenson Communications / Manager of VRS Marketing: Full job description unavailable; 
stored excerpt is short. Request failed for https://jooble.org/away/7627637011504549136?p=1&pos=9&rgn=45&cid=19881&ckey
=Performance+Marketing+Manager&jobAge=57&brelb=100&scr=22.978025&bscr=22.978025&aq=7943356628700062743&elckey=461061089
5258470022: HTTP Error 403: Forbidden
FAILED: row 712 (Scout ID 431), CSL Plasma / Assistant Manager of Quality: Full job description unavailable; stored 
excerpt is short. Request failed for https://jooble.org/away/4707623876113335058?p=1&pos=17&rgn=45&cid=19881&ckey=SEM+M
anager&jobAge=15&brelb=10&scr=105.33199&bscr=105.33199&aq=312606162728990676&elckey=9127450495611118540: HTTP Error 
403: Forbidden
FAILED: row 713 (Scout ID 429), LearnUpon Limited / Senior Contracts Manager: Full job description unavailable; stored 
excerpt is short. Request failed for https://jooble.org/away/-7296030718916249036?p=1&pos=11&rgn=45&cid=19881&ckey=SEM+
Manager&jobAge=16&brelb=10&scr=110.62246&bscr=110.62246&aq=312606162728990676&elckey=9127450495611118540: HTTP Error 
403: Forbidden
FAILED: row 714 (Scout ID 509), LearnUpon Limited / Senior Contracts Manager: Full job description unavailable; stored 
excerpt is short. Request failed for https://jooble.org/away/-809557622362909536?p=1&pos=9&rgn=45&cid=19881&ckey=SEM+Ma
nager&jobAge=56&brelb=10&scr=111.79444&bscr=111.79444&aq=6047600018300130771&elckey=2824318771654233275: HTTP Error 
403: Forbidden
FAILED: row 715 (Scout ID 334), Bill.com / Growth Customer Success Manager: Full job description unavailable; stored 
excerpt is short. Request failed for https://jooble.org/away/7521174329717337789?p=1&pos=13&rgn=45&cid=19881&ckey=Growt
h+Marketing+Manager&jobAge=81&brelb=10&scr=128.52441&bscr=128.52441&aq=-4845301166910488331&elckey=-2170748757937790934
: HTTP Error 403: Forbidden
FAILED: row 716 (Scout ID 221), FLEX Inc / Mid-Market Account Manager: Full job description unavailable; stored 
excerpt is short. Request failed for https://jooble.org/away/5240517335475200305?p=1&pos=5&rgn=45&cid=19881&ckey=Perfor
mance+Marketing+Manager&jobAge=57&brelb=10&scr=28.360819&bscr=28.360819&aq=-2356066731812444795&elckey=-122509306774303
4982: HTTP Error 403: Forbidden
FAILED: row 717 (Scout ID 174), Relativity / Senior Technical Account Manager: Full job description unavailable; 
stored excerpt is short. Request failed for https://jooble.org/away/-5975362045274151979?p=1&pos=17&rgn=45&cid=19881&ck
ey=SEM+Manager&jobAge=41&brelb=10&scr=104.03048&bscr=104.03048&aq=-1432816005702541802&elckey=-7214053335087122717: 
HTTP Error 403: Forbidden
FAILED: row 718 (Scout ID 536), Socket / Social Media & Content Manager: Full job description unavailable; stored 
excerpt is short. Request failed for https://jooble.org/away/1159938274332790630?p=1&pos=17&rgn=45&cid=19881&ckey=Digit
al+Marketing+Analyst&jobAge=80&brelb=100&scr=143.49767&bscr=143.49767&aq=-7746708521834408355&elckey=193643766926732398
3: HTTP Error 403: Forbidden
FAILED: row 719 (Scout ID 453), Socket.dev / Social Media & Content Manager: Full job description unavailable; stored 
excerpt is short. Request failed for https://jooble.org/away/599488271502808192?p=1&pos=20&rgn=45&cid=19881&ckey=Digita
l+Marketing+Analyst&jobAge=57&brelb=100&scr=137.94725&bscr=137.94725&aq=-7401435035580362930&elckey=2390585765005926336
: HTTP Error 403: Forbidden
FAILED: row 720 (Scout ID 89), University of Utah / Marketing Communications Manager: Full job description 
unavailable; stored excerpt is short. Request failed for https://jooble.org/away/-8628431124670087004?p=1&pos=13&rgn=45
&cid=19881&ckey=Digital+Marketing+Manager&jobAge=105&brelb=10&scr=90.76086&bscr=90.76086&aq=-8394746801641089159&elckey
=-561294513985709472: HTTP Error 403: Forbidden
FAILED: row 721 (Scout ID 168), American Equipment HR LLC / Project Manager: Full job description unavailable; stored 
excerpt is short. Request failed for https://jooble.org/away/-242855109020670108?p=1&pos=11&rgn=45&cid=19881&ckey=SEM+M
anager&jobAge=65&brelb=10&scr=105.51347&bscr=105.51347&aq=-1432816005702541802&elckey=-7214053335087122717: HTTP Error 
403: Forbidden
FAILED: row 722 (Scout ID 76), BlueWind Medical Inc / Digital & Marketing Communication Manager: Full job description 
unavailable; stored excerpt is short. Request failed for https://jooble.org/away/6495508075537117034?p=1&pos=2&rgn=45&c
id=19881&ckey=Digital+Marketing+Analyst&jobAge=197&brelb=15&scr=243.85703&bscr=243.85703&aq=-7055049924995949498&elckey
=-5353480066219519453: HTTP Error 403: Forbidden
FAILED: row 723 (Scout ID 294), Energy Exemplar / Social Media Manager: Full job description unavailable; stored 
excerpt is short. Request failed for https://jooble.org/away/2038207199882386316?p=1&pos=17&rgn=45&cid=19881&ckey=Paid+
Search+Manager&jobAge=104&brelb=15&scr=35.297092&bscr=35.297092&aq=-8675216997467002556&elckey=7210467390239349666: 
HTTP Error 403: Forbidden
FAILED: row 724 (Scout ID 299), Gondola / Social Media Manager: Full job description unavailable; stored excerpt is 
short. Request failed for https://jooble.org/away/385236297261776917?p=1&pos=14&rgn=45&cid=19881&ckey=Digital+Marketing
+Analyst&jobAge=81&brelb=100&scr=149.93362&bscr=149.93362&aq=-7401435035580362930&elckey=2390585765005926336: HTTP 
Error 403: Forbidden
FAILED: row 725 (Scout ID 585), SILAC Insurance Company / Marketing Content Manager: Full job description unavailable; 
stored excerpt is short. Request failed for https://jooble.org/desc/-9172279507512790961?ckey=Paid+Media+Manager&rgn=45
&pos=16&groupId=113&elckey=3207415135895564394&p=1&aq=-7572155100410691710&cid=19881&jobAge=106&brelb=15&bscr=89.90525&
scr=89.90525: HTTP Error 403: Forbidden
FAILED: row 726 (Scout ID 441), 1-800 CONTACTS / Marketing Account Manager: Full job description unavailable; stored 
excerpt is short. Request failed for https://jooble.org/away/2210661104325845384?p=1&pos=6&rgn=45&cid=19881&ckey=Perfor
mance+Marketing+Manager&jobAge=105&brelb=10&scr=27.501583&bscr=27.501583&aq=-2356066731812444795&elckey=-12250930677430
34982: HTTP Error 403: Forbidden
FAILED: row 727 (Scout ID 257), Adobe Systems / Sr Web Analytics & Insights Manager: Full job description unavailable; 
stored excerpt is short. Request failed for https://jooble.org/desc/-3492174734127084753?ckey=Marketing+Analytics+Manag
er&rgn=45&pos=1&groupId=-1925849718&elckey=2640968318200608032&p=1&aq=-1004336917629645300&cid=19881&jobAge=105&brelb=1
00&bscr=922.5862&scr=922.5862: HTTP Error 403: Forbidden
FAILED: row 728 (Scout ID 548), Bill.com / Growth Customer Success Manager: Full job description unavailable; stored 
excerpt is short. Request failed for https://jooble.org/away/-4334205846322401902?p=1&pos=16&rgn=45&cid=19881&ckey=Grow
th+Marketing+Manager&jobAge=128&brelb=100&scr=95.64369&bscr=95.64369&aq=-5078218881234082448&elckey=612914255772801545:
 HTTP Error 403: Forbidden
FAILED: row 729 (Scout ID 200), Brigham Young University / Marketing, Communications & Events Manager (part-time, 28 
hours/week): Full job description unavailable; stored excerpt is short. Request failed for https://jooble.org/away/-408
8915615331674626?p=1&pos=3&rgn=45&cid=19881&ckey=Digital+Marketing+Analyst&jobAge=105&brelb=100&scr=212.63615&bscr=212.
63615&aq=-7401435035580362930&elckey=2390585765005926336: HTTP Error 403: Forbidden
FAILED: row 730 (Scout ID 533), CallTower / Marketing Operations Manager: Full job description unavailable; stored 
excerpt is short. Request failed for https://jooble.org/away/7671435368978599375?p=1&pos=20&rgn=45&cid=19881&ckey=Marke
ting+Analytics+Manager&jobAge=128&brelb=100&scr=168.50824&bscr=168.50824&aq=-4960754902038997061&elckey=-86801275811611
20593: HTTP Error 403: Forbidden
FAILED: row 731 (Scout ID 224), CRST The Transportation Solution / Market Manager: Full job description unavailable; 
stored excerpt is short. Request failed for https://jooble.org/away/-4864182962649819382?p=1&pos=13&rgn=45&cid=19881&ck
ey=Performance+Marketing+Manager&jobAge=57&brelb=10&scr=22.144579&bscr=22.144579&aq=-2356066731812444795&elckey=-122509
3067743034982: HTTP Error 403: Forbidden
FAILED: row 732 (Scout ID 301), Pressed Floral / Social Media Manager: Full job description unavailable; stored 
excerpt is short. Request failed for https://jooble.org/away/-5497970392929957263?p=1&pos=8&rgn=45&cid=19881&ckey=Digit
al+Marketing+Analyst&jobAge=105&brelb=100&scr=152.62375&bscr=152.62375&aq=-7401435035580362930&elckey=23905857650059263
36: HTTP Error 403: Forbidden
FAILED: row 733 (Scout ID 304), Unrivaled Sports / Social Media Manager: Full job description unavailable; stored 
excerpt is short. Request failed for https://jooble.org/away/-2006576276359650166?p=1&pos=9&rgn=45&cid=19881&ckey=Digit
al+Marketing+Analyst&jobAge=105&brelb=100&scr=150.18465&bscr=150.18465&aq=-7401435035580362930&elckey=23905857650059263
36: HTTP Error 403: Forbidden
FAILED: row 734 (Scout ID 172), FairCom / Technical Account Manager: Full job description unavailable; stored excerpt 
is short. Request failed for https://jooble.org/away/-8644574388078950222?p=1&pos=15&rgn=45&cid=19881&ckey=SEM+Manager&
jobAge=113&brelb=10&scr=104.05441&bscr=104.05441&aq=-1432816005702541802&elckey=-7214053335087122717: HTTP Error 403: 
Forbidden
FAILED: row 735 (Scout ID 303), TBD_2019_01_10_Wildworks / SOCIAL MEDIA MANAGER: Full job description unavailable; 
stored excerpt is short. Request failed for https://jooble.org/away/-8829926386058806281?p=1&pos=18&rgn=45&cid=19881&ck
ey=Digital+Marketing+Analyst&jobAge=129&brelb=100&scr=148.6154&bscr=148.6154&aq=-7401435035580362930&elckey=23905857650
05926336: HTTP Error 403: Forbidden
FAILED: row 736 (Scout ID 173), AfterShip / Technical Account Manager: Full job description unavailable; stored 
excerpt is short. Request failed for https://jooble.org/away/6111708524499703067?p=1&pos=16&rgn=45&cid=19881&ckey=SEM+M
anager&jobAge=137&brelb=10&scr=104.03696&bscr=104.03696&aq=-1432816005702541802&elckey=-7214053335087122717: HTTP 
Error 403: Forbidden
FAILED: row 737 (Scout ID 297), America First Credit Union / Social Media Manager: Full job description unavailable; 
stored excerpt is short. Request failed for https://jooble.org/away/1520585988045463298?p=1&pos=16&rgn=45&cid=19881&cke
y=Digital+Marketing+Analyst&jobAge=153&brelb=100&scr=149.01295&bscr=149.01295&aq=-7401435035580362930&elckey=2390585765
005926336: HTTP Error 403: Forbidden
FAILED: row 738 (Scout ID 177), Papa John's / Assistant General Manager: Full job description unavailable; stored 
excerpt is short. Request failed for https://jooble.org/away/4870994269092937463?p=1&pos=20&rgn=45&cid=19881&ckey=SEM+M
anager&jobAge=137&brelb=10&scr=102.925804&bscr=102.925804&aq=-1432816005702541802&elckey=-7214053335087122717: HTTP 
Error 403: Forbidden
FAILED: row 739 (Scout ID 46), Humana / Lead Program Delivery: Full job description unavailable; stored excerpt is 
short. Request failed for 
https://www.adzuna.com/land/ad/5882518435?se=UvWxnwm18RGk6dCvHcHp9g&v=8E2E3C0B7835EBA93A955496E7E03F43212C0A37: HTTP 
Error 403: Forbidden
FAILED: row 741 (Scout ID 293), MED ONE GROUP / Day Shift Media Production Specialist: Full job description 
unavailable; stored excerpt is short. Request failed for https://jooble.org/desc/-9190652040271946805?ckey=Paid+Search+
Manager&rgn=45&pos=18&groupId=41521&elckey=7210467390239349666&p=1&aq=-8675216997467002556&cid=19881&jobAge=392&brelb=1
5&bscr=34.99246&scr=34.99246: HTTP Error 403: Forbidden
FAILED: row 742 (Scout ID 405), Amazon / Sr. Technical Program Manager, AWS Rack Manufacturing: Full job description 
unavailable; stored excerpt is short. Request failed for https://jooble.org/desc/6640037559666050258?ckey=SEM+Manager&r
gn=45&pos=5&groupId=33600&elckey=9127450495611118540&p=1&aq=312606162728990676&cid=19881&jobAge=1041&brelb=15&bscr=119.
285286&scr=119.285286: HTTP Error 403: Forbidden
FAILED: row 743 (Scout ID 522), Postnova Analytics / Sales Manager US market (remote, nationwide) (m/f/d): Full job 
description unavailable; stored excerpt is short. Request failed for https://jooble.org/desc/-9016468866467465301?ckey=
Digital+Marketing+Manager&rgn=45&pos=15&groupId=39476&elckey=892886750701454623&p=1&aq=-8095055230708228634&cid=19881&j
obAge=8&brelb=115&bscr=55.063858&scr=55.063858: HTTP Error 403: Forbidden
SKIP: row 668 (Scout ID 25): Resume Created = X
SKIP: row 670 (Scout ID 400): Resume Created = X
SKIP: row 671 (Scout ID 397): Resume Created = X
SKIP: row 672 (Scout ID 27): Resume Created = X
SKIP: row 673 (Scout ID 43): Resume Created = X
SKIP: row 675 (Scout ID 401): Resume Created = X
SKIP: row 676 (Scout ID 44): Resume Created = X
SKIP: row 678 (Scout ID 45): Resume Created = X
SKIP: row 679 (Scout ID 60): Resume Created = X
SKIP: row 681 (Scout ID 18): Resume Created = X
SKIP: row 684 (Scout ID 51): Resume Created = X
SKIP: row 688 (Scout ID 562): Resume Created = X
SKIP: row 689 (Scout ID 475): Resume Created = X
SKIP: row 693 (Scout ID 33): Resume Created = X
SKIP: row 695 (Scout ID 40): Resume Created = X
SKIP: row 703 (Scout ID 480): Resume Created = X
SKIP: row 704 (Scout ID 473): Resume Created = X
SKIP: row 740 (Scout ID 14): Resume Created = X
SKIP: row 843 (Scout ID 476): Resume Created = X
CREATED: row 747 (Scout ID 12): C:\Users\DCALL\Desktop\gecko\output\resumes\Dave-Call+Integrated-Engineering+Digital-Content-Specialist+5881851905.docx
CREATED: row 748 (Scout ID 22): C:\Users\DCALL\Desktop\gecko\output\resumes\Dave-Call+MarketStar+Digital-Account-Strategist-Reddit+5853434679.docx
FAILED: row 749 (Scout ID 419), Elijahhouseliving / Senior Hearing Aid Specialist: Full job description unavailable; 
stored excerpt is short. Request failed for https://jooble.org/away/-8075046105679314639?p=1&pos=9&rgn=45&cid=19881&cke
y=Paid+Search+Specialist&jobAge=33&brelb=10&scr=135.10422&bscr=135.10422&aq=-5404082629004325596&elckey=754666664774779
0676: HTTP Error 403: Forbidden
FAILED: row 750 (Scout ID 493), Elijahhouseliving / Senior Hearing Aid Specialist: Full job description unavailable; 
stored excerpt is short. Request failed for https://jooble.org/away/7268922109962941060?p=1&pos=10&rgn=45&cid=19881&cke
y=Paid+Search+Specialist&jobAge=56&brelb=10&scr=157.64662&bscr=157.64662&aq=5008031405423316802&elckey=6129492152975047
940: HTTP Error 403: Forbidden
FAILED: row 751 (Scout ID 660), Virtual Vocations Inc / Senior Paid Media Strategist: Full job description 
unavailable; stored excerpt is short. Request failed for https://jooble.org/away/1882146600608018055?p=1&pos=19&rgn=551
57&cid=19881&ckey=Senior+Paid+Search+Strategist&jobAge=58&brelb=10&scr=3866.5542&bscr=3866.5542&aq=-5160919264596033529
&elckey=-6522253981691230032: HTTP Error 403: Forbidden
FAILED: row 752 (Scout ID 118), MAXIMUS / Senior Strength and Conditioning Specialist: Full job description 
unavailable; stored excerpt is short. Request failed for https://jooble.org/away/2071637774350647815?p=1&pos=9&rgn=45&c
id=19881&ckey=Paid+Search+Specialist&jobAge=113&brelb=10&scr=135.07713&bscr=135.07713&aq=8580884127715622188&elckey=-87
94837182950450581: HTTP Error 403: Forbidden
FAILED: row 753 (Scout ID 420), MAXIMUS / Senior Strength and Conditioning Specialist: Full job description 
unavailable; stored excerpt is short. Request failed for https://jooble.org/away/-8863156303705218882?p=1&pos=10&rgn=45
&cid=19881&ckey=Paid+Search+Specialist&jobAge=129&brelb=10&scr=134.67685&bscr=134.67685&aq=-5404082629004325596&elckey=
7546666647747790676: HTTP Error 403: Forbidden
FAILED: row 754 (Scout ID 121), Orange Electric / Lead Generation Specialist: Full job description unavailable; stored 
excerpt is short. Request failed for https://jooble.org/away/-3927139691503932578?p=1&pos=17&rgn=45&cid=19881&ckey=Paid
+Search+Specialist&jobAge=609&brelb=15&scr=123.53591&bscr=123.53591&aq=-5404082629004325596&elckey=7546666647747790676:
 HTTP Error 403: Forbidden
CREATED: row 755 (Scout ID 24): C:\Users\DCALL\Desktop\gecko\output\resumes\Dave-Call+Salt-Lake-Community-College+Coordinator,-Healthcare-Sciences-Pathways+5846630123.docx
CREATED: row 756 (Scout ID 52): C:\Users\DCALL\Desktop\gecko\output\resumes\Dave-Call+Zions-Bancorporation+Marketing-Insights-and-Analytics-ManagerAZ,-CA,-CO,-NV,-OR,-TX,-WA,-or-UT+5822070882.docx
FAILED: row 763 (Scout ID 681), Respage / Paid Media Account Manager: Full job description unavailable; stored excerpt 
is short. Request failed for https://jooble.org/away/6797209073739592483?p=1&pos=2&rgn=55157&cid=19881&ckey=Paid+Media+
Manager&jobAge=38&brelb=10&scr=838.7429&bscr=838.7429&aq=-4349576383190977974&elckey=-193509149628456083: HTTP Error 
403: Forbidden
FAILED: row 770 (Scout ID 442), Ridley's Family Markets / Meat Market Manager: Full job description unavailable; 
stored excerpt is short. Request failed for https://jooble.org/away/8314278815393387443?p=1&pos=7&rgn=45&cid=19881&ckey
=Performance+Marketing+Manager&jobAge=15&brelb=10&scr=23.121984&bscr=23.121984&aq=-2356066731812444795&elckey=-12250930
67743034982: HTTP Error 403: Forbidden
FAILED: row 773 (Scout ID 170), Burger King / Assistant General Manager: Full job description unavailable; stored 
excerpt is short. Request failed for https://jooble.org/away/7594576204573168803?p=1&pos=18&rgn=45&cid=19881&ckey=SEM+M
anager&jobAge=33&brelb=10&scr=105.14034&bscr=105.14034&aq=312606162728990676&elckey=9127450495611118540: HTTP Error 
403: Forbidden
FAILED: row 776 (Scout ID 671), Fort Worth Independent School District / Director of Digital Content & Marketing - 
Live Video Production: Full job description unavailable; stored excerpt is short. Request failed for https://jooble.org
/away/-288417706397629505?p=1&pos=9&rgn=55157&cid=19881&ckey=Director+of+Digital+Marketing&jobAge=82&brelb=100&scr=107.
014626&bscr=107.014626&aq=9157392488323531594&elckey=4903766607466996763: HTTP Error 403: Forbidden
FAILED: row 778 (Scout ID 163), Integrated Engineering PLLC / Marketing Operations Manager: Full job description 
unavailable; stored excerpt is short. Request failed for https://jooble.org/away/-2582363517939625505?p=1&pos=10&rgn=45
&cid=19881&ckey=SEM+Manager&jobAge=57&brelb=10&scr=111.73596&bscr=111.73596&aq=312606162728990676&elckey=91274504956111
18540: HTTP Error 403: Forbidden
FAILED: row 781 (Scout ID 169), Tagg-N-Go Car Wash / Assistant General Manager: Full job description unavailable; 
stored excerpt is short. Request failed for https://jooble.org/away/4186930960476636410?p=1&pos=20&rgn=45&cid=19881&cke
y=SEM+Manager&jobAge=33&brelb=10&scr=104.868355&bscr=104.868355&aq=312606162728990676&elckey=9127450495611118540: HTTP 
Error 403: Forbidden
FAILED: row 782 (Scout ID 232), American Heritage Worldwide / Director of Enrollment and Marketing: Full job 
description unavailable; stored excerpt is short. Request failed for https://jooble.org/away/1475603269077881671?p=1&po
s=16&rgn=45&cid=19881&ckey=Performance+Marketing+Manager&jobAge=65&brelb=10&scr=21.684982&bscr=21.684982&aq=-4226924884
450230218&elckey=880147175268275377: HTTP Error 403: Forbidden
FAILED: row 786 (Scout ID 166), LoanPro / Technical Success Manager: Full job description unavailable; stored excerpt 
is short. Request failed for https://jooble.org/away/-3314116979820182116?p=1&pos=15&rgn=45&cid=19881&ckey=SEM+Manager&
jobAge=81&brelb=10&scr=105.9545&bscr=105.9545&aq=312606162728990676&elckey=9127450495611118540: HTTP Error 403: 
Forbidden
FAILED: row 787 (Scout ID 164), Aleknagik Technology / Alternate Contract Manager/ Alternate Program Manager: Full job 
description unavailable; stored excerpt is short. Request failed for https://jooble.org/away/-336440037409311713?p=1&po
s=12&rgn=45&cid=19881&ckey=SEM+Manager&jobAge=105&brelb=15&scr=106.839714&bscr=106.839714&aq=312606162728990676&elckey=
9127450495611118540: HTTP Error 403: Forbidden
FAILED: row 791 (Scout ID 176), Swig / Assistant General Manager: Full job description unavailable; stored excerpt is 
short. Request failed for https://jooble.org/away/-1121007242296469733?p=1&pos=19&rgn=45&cid=19881&ckey=SEM+Manager&job
Age=113&brelb=10&scr=102.925804&bscr=102.925804&aq=-1432816005702541802&elckey=-7214053335087122717: HTTP Error 403: 
Forbidden
FAILED: row 792 (Scout ID 161), Integrated Power Services / Area General Manager: Full job description unavailable; 
stored excerpt is short. Request failed for https://jooble.org/away/-1056391496113745089?p=1&pos=7&rgn=45&cid=19881&cke
y=SEM+Manager&jobAge=33&brelb=10&scr=115.85965&bscr=115.85965&aq=312606162728990676&elckey=9127450495611118540: HTTP 
Error 403: Forbidden
FAILED: row 795 (Scout ID 171), Travelodge Milford / Assistant General Manager: Full job description unavailable; 
stored excerpt is short. Request failed for https://jooble.org/away/9092842394464421748?p=1&pos=14&rgn=45&cid=19881&cke
y=SEM+Manager&jobAge=33&brelb=10&scr=106.37172&bscr=106.37172&aq=312606162728990676&elckey=9127450495611118540: HTTP 
Error 403: Forbidden
FAILED: row 796 (Scout ID 175), Under Canvas Inc. / Assistant General Manager: Full job description unavailable; 
stored excerpt is short. Request failed for https://jooble.org/away/8304453726424726659?p=1&pos=18&rgn=45&cid=19881&cke
y=SEM+Manager&jobAge=137&brelb=10&scr=102.925804&bscr=102.925804&aq=-1432816005702541802&elckey=-7214053335087122717: 
HTTP Error 403: Forbidden
FAILED: row 798 (Scout ID 268), BambooHR / VP, Revenue Marketing: Full job description unavailable; stored excerpt is 
short. Request failed for https://jooble.org/desc/5787193815317790141?ckey=Marketing+Analytics+Manager&rgn=45&pos=17&gr
oupId=-1925849718&elckey=4746208561211918391&p=1&aq=8693656455920257509&cid=19881&jobAge=401&brelb=15&bscr=204.8802&scr
=204.8802: HTTP Error 403: Forbidden
FAILED: row 799 (Scout ID 336), eSupplements LLC / Marketing Brand Manager: Full job description unavailable; stored 
excerpt is short. Request failed for https://jooble.org/desc/8328722583544372903?ckey=E-Commerce+Marketing+Manager&rgn=
45&pos=20&groupId=1307868193&elckey=-3980089490216488765&p=1&aq=-17883954544853345&cid=19881&jobAge=537&brelb=15&bscr=1
69.01077&scr=169.01077: HTTP Error 403: Forbidden
FAILED: row 800 (Scout ID 373), Pattern / Marketplace Account Executive: Full job description unavailable; stored 
excerpt is short. Request failed for https://jooble.org/desc/-2730924667373333765?ckey=E-Commerce+Marketing+Manager&rgn
=45&pos=15&groupId=1307868193&elckey=-3980089490216488765&p=1&aq=-17883954544853345&cid=19881&jobAge=561&brelb=15&bscr=
182.82014&scr=182.82014: HTTP Error 403: Forbidden
FAILED: row 801 (Scout ID 513), Centro Woodfired Pizzeria / Assistant General Manager: Full job description 
unavailable; stored excerpt is short. Request failed for https://jooble.org/away/-6319183832981219803?p=1&pos=18&rgn=45
&cid=19881&ckey=SEM+Manager&jobAge=608&brelb=110&scr=105.91205&bscr=105.91205&aq=6047600018300130771&elckey=28243187716
54233275: HTTP Error 403: Forbidden
FAILED: row 802 (Scout ID 165), STEMboard / Program / Contract Manager: Full job description unavailable; stored 
excerpt is short. Request failed for https://jooble.org/desc/5244158974337998253?ckey=SEM+Manager&rgn=45&pos=13&groupId
=33600&elckey=9127450495611118540&p=1&aq=312606162728990676&cid=19881&jobAge=609&brelb=15&bscr=106.5566&scr=106.5566: 
HTTP Error 403: Forbidden
FAILED: row 804 (Scout ID 497), Surface Experts of SLC North / Creative Repair Specialist: Full job description 
unavailable; stored excerpt is short. Request failed for https://jooble.org/away/-491411804705022307?p=1&pos=15&rgn=45&
cid=19881&ckey=Paid+Search+Specialist&jobAge=200&brelb=110&scr=139.83011&bscr=139.83011&aq=5008031405423316802&elckey=6
129492152975047940: HTTP Error 403: Forbidden
FAILED: row 805 (Scout ID 402), Yellowstone Local / Superintendent: Full job description unavailable; stored excerpt 
is short. Request failed for 
https://www.adzuna.com/land/ad/5891009176?se=FiyNnAm18RGm1alvctyjWA&v=D8049B8A72AA79A5B684975BB1A4339D1D85AB7B: HTTP 
Error 403: Forbidden
CREATED: row 806 (Scout ID 8): C:\Users\DCALL\Desktop\gecko\output\resumes\Dave-Call+Sundance-Mountain-Resort+Marketing-Coordinator+5889844284.docx
CREATED: row 807 (Scout ID 9): C:\Users\DCALL\Desktop\gecko\output\resumes\Dave-Call+Crimson-Brand-Partners+Social-Coordinator-�-Utah-Athletics+5887179729.docx
FAILED: row 808 (Scout ID 29), Carver Road Hospitality / Marketing Associate: Full job description unavailable; stored 
excerpt is short. Request failed for https://www.adzuna.com/details/5879759095: HTTP Error 403: Forbidden
FAILED: row 809 (Scout ID 20), Pearson / Advanced Associate, Inside Sales: Full job description unavailable; stored 
excerpt is short. Request failed for 
https://www.adzuna.com/land/ad/5859428699?se=pvWc9WC08RGm1alvctyjWA&v=DEB66E6FFA353F168626FEA561683042E0EF407F: HTTP 
Error 403: Forbidden
FAILED: row 810 (Scout ID 69), Baylor Scott & White Health / Product Associate - Employee Activation: Full job 
description unavailable; stored excerpt is short. Request failed for 
https://www.adzuna.com/land/ad/5778717400?se=gOHboQm18RGSI57gYuD12g&v=0C236A75D82D42CA0C7BE2C449CBB9C09912EC8B: HTTP 
Error 403: Forbidden
FAILED: row 811 (Scout ID 119), Best Friends Animal Society / Veterinary Technician, Senior Veterinary Specialist, or 
Veterinary Specialist (depending on exp[...]: Full job description unavailable; stored excerpt is short. Request 
failed for https://jooble.org/away/1124980477835940216?p=1&pos=7&rgn=45&cid=19881&ckey=Paid+Search+Specialist&jobAge=57
&brelb=100&scr=145.01527&bscr=145.01527&aq=-5404082629004325596&elckey=7546666647747790676: HTTP Error 403: Forbidden
FAILED: row 812 (Scout ID 496), GrabJobs / Senior Specialist: Full job description unavailable; stored excerpt is 
short. Request failed for https://jooble.org/away/9103780735786260382?p=1&pos=14&rgn=45&cid=19881&ckey=Paid+Search+Spec
ialist&jobAge=104&brelb=10&scr=140.5128&bscr=140.5128&aq=5008031405423316802&elckey=6129492152975047940: HTTP Error 
403: Forbidden
FAILED: row 813 (Scout ID 489), Regional Client / Social Media Marketing Coordinator: Full job description 
unavailable; stored excerpt is short. Request failed for https://jooble.org/away/3902106125068400349?p=1&pos=19&rgn=45&
cid=19881&ckey=Paid+Search+Manager&jobAge=128&brelb=100&scr=34.427086&bscr=34.427086&aq=-8675216997467002556&elckey=721
0467390239349666: HTTP Error 403: Forbidden
FAILED: row 814 (Scout ID 494), State Fire Llc / A/R Specialist: Full job description unavailable; stored excerpt is 
short. Request failed for https://jooble.org/desc/-1003028737960930336?ckey=Paid+Search+Specialist&rgn=45&pos=12&groupI
d=41016&elckey=6129492152975047940&p=1&aq=5008031405423316802&cid=19881&jobAge=8&brelb=115&bscr=150.17403&scr=150.17403
: HTTP Error 403: Forbidden
FAILED: row 816 (Scout ID 500), Medical Technology Industries / Shipping Specialist: Full job description unavailable; 
stored excerpt is short. Request failed for https://jooble.org/away/6028714110343696904?p=1&pos=20&rgn=45&cid=19881&cke
y=Paid+Search+Specialist&jobAge=32&brelb=10&scr=133.53543&bscr=133.53543&aq=5008031405423316802&elckey=6129492152975047
940: HTTP Error 403: Forbidden
FAILED: row 817 (Scout ID 498), TruGreen / Residential Lawn Specialist/Aerator: Full job description unavailable; 
stored excerpt is short. Request failed for https://jooble.org/away/-3998139278385588943?p=1&pos=18&rgn=45&cid=19881&ck
ey=Paid+Search+Specialist&jobAge=32&brelb=10&scr=136.1652&bscr=136.1652&aq=5008031405423316802&elckey=61294921529750479
40: HTTP Error 403: Forbidden
FAILED: row 818 (Scout ID 499), O'Reilly Auto Parts / Delivery Specialist: Full job description unavailable; stored 
excerpt is short. Request failed for https://jooble.org/away/-8775662159896471024?p=1&pos=19&rgn=45&cid=19881&ckey=Paid
+Search+Specialist&jobAge=80&brelb=10&scr=136.1652&bscr=136.1652&aq=5008031405423316802&elckey=6129492152975047940: 
HTTP Error 403: Forbidden
FAILED: row 819 (Scout ID 117), PacifiCorp / Field Metering Specialist: Full job description unavailable; stored 
excerpt is short. Request failed for https://jooble.org/away/626165455190681638?p=1&pos=6&rgn=45&cid=19881&ckey=Paid+Se
arch+Specialist&jobAge=57&brelb=10&scr=151.7675&bscr=151.7675&aq=-5404082629004325596&elckey=7546666647747790676: HTTP 
Error 403: Forbidden
FAILED: row 820 (Scout ID 300), Utah Office of Energy Development / Media Specialist: Full job description 
unavailable; stored excerpt is short. Request failed for https://jooble.org/away/-1495793558904872156?p=1&pos=12&rgn=45
&cid=19881&ckey=Digital+Marketing+Analyst&jobAge=81&brelb=100&scr=149.93362&bscr=149.93362&aq=-7401435035580362930&elck
ey=2390585765005926336: HTTP Error 403: Forbidden
FAILED: row 821 (Scout ID 115), Alpine Air / Project Specialist: Full job description unavailable; stored excerpt is 
short. Request failed for https://jooble.org/away/-5361309838670856888?p=1&pos=6&rgn=45&cid=19881&ckey=Paid+Search+Spec
ialist&jobAge=89&brelb=10&scr=182.11346&bscr=182.11346&aq=8580884127715622188&elckey=-8794837182950450581: HTTP Error 
403: Forbidden
FAILED: row 822 (Scout ID 113), Bh Services / Outside Plant Underground Specialist (OSPUS) - TRAVEL REQUIRED: Full job 
description unavailable; stored excerpt is short. Request failed for https://jooble.org/away/5112707260577565608?p=1&po
s=5&rgn=45&cid=19881&ckey=Paid+Search+Specialist&jobAge=105&brelb=10&scr=216.7002&bscr=216.7002&aq=-5404082629004325596
&elckey=7546666647747790676: HTTP Error 403: Forbidden
FAILED: row 823 (Scout ID 126), City of Salt Lake City / Fire Prevention Specialist: Full job description unavailable; 
stored excerpt is short. Request failed for https://jooble.org/away/-3996916240339356820?p=1&pos=20&rgn=45&cid=19881&ck
ey=Paid+Search+Specialist&jobAge=113&brelb=10&scr=115.50476&bscr=115.50476&aq=8580884127715622188&elckey=-8794837182950
450581: HTTP Error 403: Forbidden
FAILED: row 824 (Scout ID 124), TruGreen / Residential Lawn Specialist/Aerator: Full job description unavailable; 
stored excerpt is short. Request failed for https://jooble.org/away/-4498707559287698273?p=1&pos=18&rgn=45&cid=19881&ck
ey=Paid+Search+Specialist&jobAge=113&brelb=10&scr=118.367134&bscr=118.367134&aq=8580884127715622188&elckey=-87948371829
50450581: HTTP Error 403: Forbidden
FAILED: row 825 (Scout ID 114), Accendra Health / Patient Qualification Specialist: Full job description unavailable; 
stored excerpt is short. Request failed for https://jooble.org/away/7850031395532466502?p=1&pos=4&rgn=45&cid=19881&ckey
=Paid+Search+Specialist&jobAge=33&brelb=10&scr=229.4746&bscr=229.4746&aq=-5404082629004325596&elckey=754666664774779067
6: HTTP Error 403: Forbidden
FAILED: row 826 (Scout ID 421), Resolut Group / BIM Specialist: Full job description unavailable; stored excerpt is 
short. Request failed for https://jooble.org/away/-788302639580580395?p=1&pos=18&rgn=45&cid=19881&ckey=Paid+Search+Spec
ialist&jobAge=225&brelb=110&scr=121.96762&bscr=121.96762&aq=-5404082629004325596&elckey=7546666647747790676: HTTP 
Error 403: Forbidden
FAILED: row 827 (Scout ID 492), OPPO LLC / Employment Specialist-Make a real impact....: Full job description 
unavailable; stored excerpt is short. Request failed for https://jooble.org/away/-4305668807019497893?p=1&pos=5&rgn=45&
cid=19881&ckey=Paid+Search+Specialist&jobAge=456&brelb=110&scr=177.4548&bscr=177.4548&aq=5008031405423316802&elckey=612
9492152975047940: HTTP Error 403: Forbidden
CREATED: row 828 (Scout ID 484): C:\Users\DCALL\Desktop\gecko\output\resumes\Dave-Call+TELUS-Digital+Content-Reviewer-United-States+2091144.docx
FAILED: row 829 (Scout ID 125), Protouch Staffing / Medical Provider (MD, DO, NP, or PA) - Integrative & Functional 
Medicine Specialist: Full job description unavailable; stored excerpt is short. Request failed for https://jooble.org/a
way/-3760145415541410283?p=1&pos=11&rgn=45&cid=19881&ckey=Paid+Search+Specialist&jobAge=105&brelb=110&scr=129.60605&bsc
r=129.60605&aq=-5404082629004325596&elckey=7546666647747790676: HTTP Error 403: Forbidden
FAILED: row 830 (Scout ID 49), World Wide Technology / GES Sales/Sales Operations and Business Development Intern 
-2027: Full job description unavailable; stored excerpt is short. Request failed for 
https://www.adzuna.com/land/ad/5854700183?se=UvWxnwm18RGk6dCvHcHp9g&v=4D7951374F07AA4BB6E30F8B3CFBBAC12FBB529E: HTTP 
Error 403: Forbidden
FAILED: row 831 (Scout ID 495), Nealy Pierce, LLC / Occupational Therapist: Neuro Specialist: Full job description 
unavailable; stored excerpt is short. Request failed for https://jooble.org/desc/-9177875373129186844?ckey=Paid+Search+
Specialist&rgn=45&pos=13&groupId=41016&elckey=6129492152975047940&p=1&aq=5008031405423316802&cid=19881&jobAge=8&brelb=1
0&bscr=145.73207&scr=145.73207: HTTP Error 403: Forbidden
FAILED: row 832 (Scout ID 422), Copart / Title Specialist: Full job description unavailable; stored excerpt is short. 
Request failed for https://jooble.org/away/-7043355306190157041?p=1&pos=19&rgn=45&cid=19881&ckey=Paid+Search+Specialist
&jobAge=57&brelb=10&scr=120.920616&bscr=120.920616&aq=-5404082629004325596&elckey=7546666647747790676: HTTP Error 403: 
Forbidden
FAILED: row 833 (Scout ID 123), O'Reilly Auto Parts / Delivery Specialist: Full job description unavailable; stored 
excerpt is short. Request failed for https://jooble.org/away/-2680398096103715171?p=1&pos=17&rgn=45&cid=19881&ckey=Paid
+Search+Specialist&jobAge=41&brelb=10&scr=118.367134&bscr=118.367134&aq=8580884127715622188&elckey=-8794837182950450581
: HTTP Error 403: Forbidden
FAILED: row 834 (Scout ID 122), U.S. Army Reserve / Culinary Specialist: Full job description unavailable; stored 
excerpt is short. Request failed for https://jooble.org/away/5474447125352818874?p=1&pos=15&rgn=45&cid=19881&ckey=Paid+
Search+Specialist&jobAge=81&brelb=10&scr=123.93289&bscr=123.93289&aq=-5404082629004325596&elckey=7546666647747790676: 
HTTP Error 403: Forbidden
FAILED: row 835 (Scout ID 423), OneMain Holdings Inc / Title Specialist: Full job description unavailable; stored 
excerpt is short. Request failed for https://jooble.org/away/-3131164201075884939?p=1&pos=20&rgn=45&cid=19881&ckey=Paid
+Search+Specialist&jobAge=129&brelb=10&scr=120.920616&bscr=120.920616&aq=-5404082629004325596&elckey=754666664774779067
6: HTTP Error 403: Forbidden
FAILED: row 837 (Scout ID 120), Convergence Medical Staffing / Travel Medical Technologist - $1,725 per week in Salt 
Lake City, UT: Full job description unavailable; stored excerpt is short. Request failed for https://jooble.org/away/62
29302200145540439?p=1&pos=16&rgn=45&cid=19881&ckey=Paid+Search+Specialist&jobAge=33&brelb=10&scr=123.56512&bscr=123.565
12&aq=-5404082629004325596&elckey=7546666647747790676: HTTP Error 403: Forbidden
FAILED: row 838 (Scout ID 510), Driveline Retail Merchandising / Traveling Retail Project Supervisor: Full job 
description unavailable; stored excerpt is short. Request failed for https://jooble.org/away/6368596518237342458?p=1&po
s=10&rgn=45&cid=19881&ckey=SEM+Manager&jobAge=56&brelb=10&scr=110.60869&bscr=110.60869&aq=6047600018300130771&elckey=28
24318771654233275: HTTP Error 403: Forbidden
FAILED: row 839 (Scout ID 307), Weber State University / Athletics Marketing Assistant: Full job description 
unavailable; stored excerpt is short. Request failed for https://jooble.org/away/1041652682475422489?p=1&pos=19&rgn=45&
cid=19881&ckey=Digital+Marketing+Analyst&jobAge=65&brelb=10&scr=141.4134&bscr=141.4134&aq=-481608378626476878&elckey=44
95826008017236695: HTTP Error 403: Forbidden
FAILED: row 840 (Scout ID 75), Harmons Grocery / Marketing Campaign Coordinator: Full job description unavailable; 
stored excerpt is short. Request failed for https://jooble.org/away/-7565780355723830002?p=1&pos=17&rgn=45&cid=19881&ck
ey=Growth+Marketing+Manager&jobAge=33&brelb=10&scr=88.34639&bscr=88.34639&aq=-4845301166910488331&elckey=-2170748757937
790934: HTTP Error 403: Forbidden
FAILED: row 841 (Scout ID 372), Entrata / Enterprise Inside Sales Executive: Full job description unavailable; stored 
excerpt is short. Request failed for https://jooble.org/desc/1920726368855165736?ckey=E-Commerce+Marketing+Manager&rgn=
45&pos=14&groupId=1307868193&elckey=-3980089490216488765&p=1&aq=-17883954544853345&cid=19881&jobAge=561&brelb=15&bscr=1
84.58182&scr=184.58182: HTTP Error 403: Forbidden
CREATED: row 842 (Scout ID 468): C:\Users\DCALL\Desktop\gecko\output\resumes\Dave-Call+hey-contact-heroes-GmbH+\U0001f1e9\U0001f1ea-Kundenservice-Mobilfunk-Inbound-innerhalb-der-EU-(ausgenommen-Deutschland)+2091139.docx
CREATED: row 844 (Scout ID 479): C:\Users\DCALL\Desktop\gecko\output\resumes\Dave-Call+IAPWE+Freelance-Writer+1185979.docx
FAILED: row 845 (Scout ID 160), Driveline / Retail Project Supervisor: Full job description unavailable; stored 
excerpt is short. Request failed for https://jooble.org/desc/2416512604780094787?ckey=SEM+Manager&rgn=45&pos=4&groupId=
33600&elckey=9127450495611118540&p=1&aq=312606162728990676&cid=19881&jobAge=1641&brelb=100&bscr=123.993454&scr=123.9934
54: HTTP Error 403: Forbidden
FAILED: row 846 (Scout ID 506), Driveline / Retail Project Supervisor: Full job description unavailable; stored 
excerpt is short. Request failed for https://jooble.org/desc/-1675109477911201205?ckey=SEM+Manager&rgn=45&pos=4&groupId
=33600&elckey=2824318771654233275&p=1&aq=6047600018300130771&cid=19881&jobAge=1664&brelb=100&bscr=126.73618&scr=126.736
18: HTTP Error 403: Forbidden
FAILED: row 847 (Scout ID 848), Five Star Franchising / Director of Performance Marketing: Full job description 
unavailable; stored excerpt is short. Request failed for https://jooble.org/away/-6607435749910257112?p=1&pos=3&rgn=45&
cid=19881&ckey=Paid+Search+Manager&jobAge=112&brelb=100&scr=71.81189&bscr=71.81189&aq=5557669938633344924&elckey=249648
4699213495798: HTTP Error 403: Forbidden
FAILED: row 851 (Scout ID 851), Directive Consulting / PPC Manager (Remote US): Full job description unavailable; 
stored excerpt is short. Request failed for https://jooble.org/away/-6466330632279687363?p=1&pos=10&rgn=55157&cid=19881
&ckey=PPC+Manager&jobAge=88&brelb=100&scr=161.4026&bscr=161.4026&aq=2743865504884634649&elckey=-4582280812807247181: 
HTTP Error 403: Forbidden
FAILED: row 852 (Scout ID 857), Mister Car Wash / Head of Growth Marketing: Full job description unavailable; stored 
excerpt is short. Request failed for https://jooble.org/away/4185722973533811702?p=1&pos=18&rgn=45&cid=19881&ckey=Marke
ting+Analytics+Manager&jobAge=40&brelb=100&scr=200.93472&bscr=200.93472&aq=6699460534411435160&elckey=48404067465920662
67: HTTP Error 403: Forbidden
FAILED: row 861 (Scout ID 855), Socket.dev / Marketing Manager: Full job description unavailable; stored excerpt is 
short. Request failed for https://jooble.org/away/3962202025831574032?p=1&pos=6&rgn=45&cid=19881&ckey=Search+Marketing+
Manager&jobAge=64&brelb=100&scr=181.40236&bscr=181.40236&aq=-1548421499840547201&elckey=-8967727484152184132: HTTP 
Error 403: Forbidden
FAILED: row 862 (Scout ID 863), Directive Consulting / Senior Account Strategist, Paid Media (Remote US): Full job 
description unavailable; stored excerpt is short. Request failed for https://jooble.org/away/6365963937850806933?p=1&po
s=9&rgn=55157&cid=19881&ckey=Senior+Paid+Search+Strategist&jobAge=88&brelb=100&scr=5648.84&bscr=5648.84&aq=481678185353
6242611&elckey=8918642023499669742: HTTP Error 403: Forbidden
FAILED: row 864 (Scout ID 864), Tech9 / Paid Search Manager: Full job description unavailable; stored excerpt is 
short. Request failed for https://jooble.org/away/-1936297981840618732?p=1&pos=1&rgn=45&cid=19881&ckey=Paid+Search+Mana
ger&jobAge=66&brelb=10&scr=205.15237&bscr=205.15237&aq=-1169608878158539505&elckey=-1481818911242664502: HTTP Error 
403: Forbidden
FAILED: row 865 (Scout ID 866), ClearCompanies / DIgital Marketing Manager: Full job description unavailable; stored 
excerpt is short. Request failed for https://jooble.org/away/2637774066161055811?p=1&pos=11&rgn=45&cid=19881&ckey=Paid+
Search+Manager&jobAge=66&brelb=10&scr=49.207413&bscr=49.207413&aq=-1169608878158539505&elckey=-1481818911242664502: 
HTTP Error 403: Forbidden
FAILED: row 866 (Scout ID 870), Rithum / Remote Advertising Paid Search Manager - Ecommerce: Full job description 
unavailable; stored excerpt is short. Request failed for https://jooble.org/desc/150747009818849333?ckey=Paid+Search+Ma
nager&rgn=55157&pos=20&groupId=41521&elckey=-2609051204955160592&p=1&aq=-17202559000866049&cid=19881&jobAge=258&brelb=1
5&bscr=148.61942&scr=148.61942: HTTP Error 403: Forbidden
FAILED: row 867 (Scout ID 867), Resolut Inc / Digital Marketing Manager: Full job description unavailable; stored 
excerpt is short. Request failed for https://jooble.org/away/3807486199544679677?p=1&pos=12&rgn=45&cid=19881&ckey=Paid+
Search+Manager&jobAge=42&brelb=10&scr=49.207413&bscr=49.207413&aq=-1169608878158539505&elckey=-1481818911242664502: 
HTTP Error 403: Forbidden
FAILED: row 868 (Scout ID 865), Brady / Performance Marketing Manager: Full job description unavailable; stored 
excerpt is short. Request failed for https://jooble.org/away/498601059327496963?p=1&pos=2&rgn=45&cid=19881&ckey=Paid+Se
arch+Manager&jobAge=90&brelb=10&scr=88.58706&bscr=88.58706&aq=-1169608878158539505&elckey=-1481818911242664502: HTTP 
Error 403: Forbidden
FAILED: row 869 (Scout ID 896), Pattern / Growth Marketing Manager: Full job description unavailable; stored excerpt 
is short. Request failed for https://jooble.org/desc/4277285931540338385?ckey=Growth+Marketing+Manager&rgn=45&pos=9&gro
upId=1810086807&elckey=-3949613940002492999&p=1&aq=-4345824593601355655&cid=19881&jobAge=282&brelb=110&bscr=236.69257&s
cr=236.69257: HTTP Error 403: Forbidden
FAILED: row 871 (Scout ID 888), CHG Healthcare / Growth Marketing Manager: Full job description unavailable; stored 
excerpt is short. Request failed for https://jooble.org/away/-7700046342209133715?p=1&pos=3&rgn=45&cid=19881&ckey=Marke
ting+Analytics+Manager&jobAge=90&brelb=10&scr=302.25763&bscr=302.25763&aq=-3650539951949601963&elckey=86210313613590596
7: HTTP Error 403: Forbidden
FAILED: row 872 (Scout ID 876), Huzzle.com / Remote PPC Manager | High-ROI Paid Media Leader: Full job description 
unavailable; stored excerpt is short. Request failed for https://jooble.org/away/2218180771029220984?p=1&pos=9&rgn=5515
7&cid=19881&ckey=PPC+Manager&jobAge=90&brelb=10&scr=183.83502&bscr=183.83502&aq=9023639601359958054&elckey=-85605844232
63407481: HTTP Error 403: Forbidden
FAILED: row 873 (Scout ID 890), NeoGenomics / Marketing Analytics Manager: Full job description unavailable; stored 
excerpt is short. Request failed for https://jooble.org/away/7207818852323698094?p=1&pos=8&rgn=55157&cid=19881&ckey=Mar
keting+Analytics+Manager&jobAge=1&brelb=10&scr=2470.037&bscr=2470.037&aq=5043476973562925237&elckey=4338690561863893485
: HTTP Error 403: Forbidden
FAILED: row 877 (Scout ID 886), Backcountry.com / Vice President, Performance Marketing: Full job description 
unavailable; stored excerpt is short. Request failed for https://jooble.org/away/-6834277330776592927?p=1&pos=16&rgn=45
&cid=19881&ckey=Search+Marketing+Manager&jobAge=1&brelb=10&scr=152.94914&bscr=152.94914&aq=4672009537455359971&elckey=5
500712979101207184: HTTP Error 403: Forbidden
FAILED: row 879 (Scout ID 875), Superior Executive Legal Recruiting / PPC Marketing Manager: Full job description 
unavailable; stored excerpt is short. Request failed for https://jooble.org/away/2814126476219348813?p=1&pos=7&rgn=5515
7&cid=19881&ckey=PPC+Manager&jobAge=42&brelb=10&scr=207.71158&bscr=207.71158&aq=9023639601359958054&elckey=-85605844232
63407481: HTTP Error 403: Forbidden
FAILED: row 885 (Scout ID 905), 321 the Agency / Director of Digital Marketing: Full job description unavailable; 
stored excerpt is short. Request failed for https://jooble.org/away/8412425693059398420?p=1&pos=3&rgn=55157&cid=19881&c
key=Director+of+Digital+Marketing&jobAge=43&brelb=10&scr=184.89296&bscr=184.89296&aq=462242672333371932&elckey=-1717610
386031322039: HTTP Error 403: Forbidden
FAILED: row 888 (Scout ID 881), Socket / Senior Paid Media Manager: Full job description unavailable; stored excerpt 
is short. Request failed for https://jooble.org/away/-4639457595483415693?p=1&pos=1&rgn=45&cid=19881&ckey=Paid+Media+Ma
nager&brelb=10&scr=848.58795&bscr=848.58795&aq=4600203927708708134&elckey=-3776736543079247748: HTTP Error 403: 
Forbidden
FAILED: row 892 (Scout ID 885), Private Wealth Law Group / Senior Marketing Manager: Full job description unavailable; 
stored excerpt is short. Request failed for https://jooble.org/away/1504600378239043648?p=1&pos=4&rgn=45&cid=19881&ckey
=Search+Marketing+Manager&jobAge=1&brelb=10&scr=237.98851&bscr=237.98851&aq=4672009537455359971&elckey=5500712979101207
184: HTTP Error 403: Forbidden
FAILED: row 897 (Scout ID 882), Torus / Product Marketing Manager: Full job description unavailable; stored excerpt is 
short. Request failed for https://jooble.org/away/813402454918400979?p=1&pos=19&rgn=45&cid=19881&ckey=Paid+Media+Manage
r&jobAge=19&brelb=10&scr=104.5355&bscr=104.5355&aq=4600203927708708134&elckey=-3776736543079247748: HTTP Error 403: 
Forbidden
FAILED: row 900 (Scout ID 897), GrabJobs / Remote Channel Marketing Manager: Full job description unavailable; stored 
excerpt is short. Request failed for https://jooble.org/away/4034709652039652813?p=1&pos=7&rgn=45&cid=19881&ckey=E-Comm
erce+Marketing+Manager&jobAge=66&brelb=10&scr=250.51628&bscr=250.51628&aq=7189496538214754252&elckey=-59720052694339516
53: HTTP Error 403: Forbidden
FAILED: row 901 (Scout ID 892), Twilio / Sr. Marketing Strategy and Analytics Manager: Full job description 
unavailable; stored excerpt is short. Request failed for https://jooble.org/desc/3912355311191622548?ckey=Marketing+Ana
lytics+Manager&rgn=55157&pos=16&groupId=-1925849718&elckey=4338690561863893485&p=1&aq=5043476973562925237&cid=19881&job
Age=90&brelb=15&bscr=1589.7133&scr=1589.7133: HTTP Error 403: Forbidden
FAILED: row 904 (Scout ID 889), CallTower / Marketing Operations Manager: Full job description unavailable; stored 
excerpt is short. Request failed for https://jooble.org/away/-7956507514248360616?p=1&pos=17&rgn=45&cid=19881&ckey=Mark
eting+Analytics+Manager&jobAge=66&brelb=10&scr=213.84218&bscr=213.84218&aq=-3650539951949601963&elckey=8621031361359059
67: HTTP Error 403: Forbidden
FAILED: row 906 (Scout ID 922), QuickTeam / Digital Marketing Manager: Full job description unavailable; stored 
excerpt is short. Request failed for https://jooble.org/away/3214112692742883830?p=1&pos=11&rgn=55157&cid=19881&ckey=Di
gital+Marketing+Manager&jobAge=29&brelb=10&scr=188.21936&bscr=188.21936&aq=-3542532906031383266&elckey=-812290928506283
3625: HTTP Error 403: Forbidden
FAILED: row 907 (Scout ID 912), Rithum / Remote Advertising Paid Search Manager - Ecommerce: Full job description 
unavailable; stored excerpt is short. Request failed for https://jooble.org/away/-2007416967424387345?p=1&pos=18&rgn=55
157&cid=19881&ckey=Paid+Search+Manager&jobAge=269&brelb=15&scr=152.68306&bscr=152.68306&aq=-3536474999751273956&elckey=
-4309453511169639190: HTTP Error 403: Forbidden
FAILED: row 910 (Scout ID 919), Grabber Construction Products Inc / Digital Marketing Manager: Full job description 
unavailable; stored excerpt is short. Request failed for https://jooble.org/away/4298357997485601511?p=1&pos=7&rgn=45&c
id=19881&ckey=Digital+Marketing+Manager&jobAge=245&brelb=15&scr=148.72807&bscr=148.72807&aq=2768871945383475543&elckey=
-4040562002264890135: HTTP Error 403: Forbidden
FAILED: row 913 (Scout ID 936), Mister Car Wash / Head of Growth Marketing: Full job description unavailable; stored 
excerpt is short. Request failed for https://jooble.org/away/7875090352098698174?p=1&pos=13&rgn=45&cid=19881&ckey=Searc
h+Marketing+Manager&jobAge=29&brelb=10&scr=155.67833&bscr=155.67833&aq=-1050817581947381723&elckey=3800310672886728586:
 HTTP Error 403: Forbidden
FAILED: row 919 (Scout ID 921), Huzzle / Digital Marketing Manager: Full job description unavailable; stored excerpt 
is short. Request failed for https://jooble.org/away/-6878534323625658354?p=1&pos=10&rgn=55157&cid=19881&ckey=Digital+M
arketing+Manager&jobAge=101&brelb=10&scr=188.21936&bscr=188.21936&aq=-3542532906031383266&elckey=-8122909285062833625: 
HTTP Error 403: Forbidden
FAILED: row 922 (Scout ID 946), Port View Resources / Director of Digital Marketing: Full job description unavailable; 
stored excerpt is short. Request failed for https://jooble.org/away/-1183174983809626435?p=1&pos=4&rgn=55157&cid=19881&
ckey=Director+of+Digital+Marketing&jobAge=10&brelb=10&scr=188.58098&bscr=188.58098&aq=-6238235342142521396&elckey=-3780
787377722293977: HTTP Error 403: Forbidden
FAILED: row 923 (Scout ID 930), TriOptus LLC / Digital Marketing Manager: Full job description unavailable; stored 
excerpt is short. Request failed for https://jooble.org/away/8651834385647491000?p=1&pos=19&rgn=55157&cid=19881&ckey=Di
gital+Marketing+Manager&jobAge=101&brelb=10&scr=186.89859&bscr=186.89859&aq=-3542532906031383266&elckey=-81229092850628
33625: HTTP Error 403: Forbidden
FAILED: row 924 (Scout ID 927), Easy HR Group / Digital Marketing Manager: Full job description unavailable; stored 
excerpt is short. Request failed for https://jooble.org/away/944307839759760542?p=1&pos=16&rgn=55157&cid=19881&ckey=Dig
ital+Marketing+Manager&jobAge=77&brelb=10&scr=187.31998&bscr=187.31998&aq=-3542532906031383266&elckey=-8122909285062833
625: HTTP Error 403: Forbidden
FAILED: row 925 (Scout ID 929), Solomon Page / Digital Marketing Manager: Full job description unavailable; stored 
excerpt is short. Request failed for https://jooble.org/away/-8260634277860345353?p=1&pos=18&rgn=55157&cid=19881&ckey=D
igital+Marketing+Manager&jobAge=77&brelb=10&scr=186.89859&bscr=186.89859&aq=-3542532906031383266&elckey=-81229092850628
33625: HTTP Error 403: Forbidden
FAILED: row 926 (Scout ID 910), Pattern / Digital Marketing Manager: Full job description unavailable; stored excerpt 
is short. Request failed for https://jooble.org/away/-1506044215509370607?p=1&pos=20&rgn=45&cid=19881&ckey=Paid+Search+
Manager&jobAge=152&brelb=100&scr=41.26131&bscr=41.26131&aq=-3627049649039597667&elckey=73695403713392258: HTTP Error 
403: Forbidden
FAILED: row 927 (Scout ID 937), CSC Generation / Vice President, Performance Marketing: Full job description 
unavailable; stored excerpt is short. Request failed for https://jooble.org/away/7247267310696022432?p=1&pos=17&rgn=45&
cid=19881&ckey=Search+Marketing+Manager&jobAge=77&brelb=10&scr=150.66763&bscr=150.66763&aq=-1050817581947381723&elckey=
3800310672886728586: HTTP Error 403: Forbidden
FAILED: row 939 (Scout ID 907), PwC / Marketing Advisory Senior Associate (PLS, TMT, FS): Full job description 
unavailable; stored excerpt is short. Request failed for 
https://www.adzuna.com/land/ad/5895103833?se=lkH02UC38RG8P6o3mA19eQ&v=5EFC7CCE4B1416DC9FABFAE720BBB37DB09873E9: HTTP 
Error 403: Forbidden
CREATED: row 943 (Scout ID 908): C:\Users\DCALL\Desktop\gecko\output\resumes\Dave-Call+Brigham-Young-University+Marketing,-Communications-&-Events-Manager-(part-time,-28-hours-week)+5893821966.docx
FAILED: row 944 (Scout ID 940), PwC / Marketing Advisory Senior Associate (PLS, TMT, FS): Full job description 
unavailable; stored excerpt is short. Request failed for https://jooble.org/away/8523183980749622297?p=1&pos=16&rgn=45&
cid=19881&ckey=Digital+Marketing+Analyst&jobAge=2&scr=152.67386&bscr=152.67386&aq=-925463355361102449&elckey=-108868172
3273254327: HTTP Error 403: Forbidden
FAILED: row 947 (Scout ID 973), Medium / Digital Marketing Manager: Worksheet identity does not match the stored job
FAILED: row 948 (Scout ID 974), Grabber Construction Products / Digital Marketing Manager: Full job description 
unavailable; stored excerpt is short. Request failed for https://jooble.org/away/6024619412800563022?p=1&pos=12&rgn=45&
cid=19881&ckey=Paid+Search+Manager&jobAge=55&brelb=10&scr=48.951004&bscr=48.951004&aq=4780456627068941052&elckey=561852
368590319221: HTTP Error 403: Forbidden
FAILED: row 950 (Scout ID 976), Virtual Vocations Inc / Senior Paid Search Manager: Full job description unavailable; 
stored excerpt is short. Request failed for https://jooble.org/away/-3609076187214243740?p=1&pos=11&rgn=55157&cid=19881
&ckey=Paid+Search+Manager&jobAge=127&brelb=10&scr=203.31798&bscr=203.31798&aq=-1829007772816380749&elckey=-565379925122
176869: HTTP Error 403: Forbidden
FAILED: row 958 (Scout ID 984), COZY EARTH LLC / Digital Marketing Manager: Full job description unavailable; stored 
excerpt is short. Request failed for https://jooble.org/away/-4623880555345646064?p=1&pos=9&rgn=45&cid=19881&ckey=Digit
al+Marketing+Manager&jobAge=55&brelb=100&scr=140.64626&bscr=140.64626&aq=-6373881877521533072&elckey=-83746195287138365
69: HTTP Error 403: Forbidden
FAILED: row 961 (Scout ID 987), Pattern / Paid Media Manager: Full job description unavailable; stored excerpt is 
short. Request failed for https://jooble.org/away/-2157250402292424995?p=1&pos=3&rgn=45&cid=19881&ckey=Paid+Media+Manag
er&jobAge=127&brelb=10&scr=789.8722&bscr=789.8722&aq=-1733936023114539049&elckey=8635547697966878836: HTTP Error 403: 
Forbidden
FAILED: row 962 (Scout ID 988), Clearlink / Paid Media Specialist: Full job description unavailable; stored excerpt is 
short. Request failed for https://jooble.org/away/-4769969585374598285?p=1&pos=10&rgn=45&cid=19881&ckey=Digital+Marketi
ng+Analyst&jobAge=20&brelb=10&scr=191.73944&bscr=191.73944&aq=7612441410948704591&elckey=-5422739249722200761: HTTP 
Error 403: Forbidden
FAILED: row 963 (Scout ID 989), Silacins / Marketing Content Manager: Full job description unavailable; stored excerpt 
is short. Request failed for https://jooble.org/away/2876146907405140144?p=1&pos=16&rgn=45&cid=19881&ckey=Paid+Media+Ma
nager&jobAge=127&brelb=10&scr=106.21021&bscr=106.21021&aq=-1733936023114539049&elckey=8635547697966878836: HTTP Error 
403: Forbidden
FAILED: row 964 (Scout ID 990), Clearlink Technologies, LLC / Marketing Manager: Full job description unavailable; 
stored excerpt is short. Request failed for https://jooble.org/away/294795533742061390?p=1&pos=8&rgn=45&cid=19881&ckey=
Search+Marketing+Manager&jobAge=103&brelb=100&scr=175.53622&bscr=175.53622&aq=8193823186254716564&elckey=-5337468535622
17848: HTTP Error 403: Forbidden
FAILED: row 965 (Scout ID 991), Jobot / Head of Marketing (B2B/Cybersecurity): Full job description unavailable; 
stored excerpt is short. Request failed for https://jooble.org/away/-3766909260179451976?p=1&pos=16&rgn=45&cid=19881&ck
ey=Search+Marketing+Manager&jobAge=31&brelb=100&scr=157.45949&bscr=157.45949&aq=8193823186254716564&elckey=-53374685356
2217848: HTTP Error 403: Forbidden
FAILED: row 966 (Scout ID 992), Boostability / Senior Growth Marketing Manager: Full job description unavailable; 
stored excerpt is short. Request failed for https://jooble.org/away/822956923528157331?p=1&pos=3&rgn=45&cid=19881&ckey=
Marketing+Analytics+Manager&jobAge=19&brelb=10&scr=293.3055&bscr=293.3055&aq=6671529194986752903&elckey=-51723566965275
19065: HTTP Error 403: Forbidden
FAILED: row 967 (Scout ID 993), CAO Group Inc / Product Marketing Manager: Full job description unavailable; stored 
excerpt is short. Request failed for https://jooble.org/away/1948011924785338633?p=1&pos=14&rgn=45&cid=19881&ckey=Marke
ting+Analytics+Manager&jobAge=79&brelb=10&scr=236.884&bscr=236.884&aq=6671529194986752903&elckey=-5172356696527519065: 
HTTP Error 403: Forbidden
FAILED: row 968 (Scout ID 994), CHG Healthcare, Inc. / Growth Marketing Manager: Full job description unavailable; 
stored excerpt is short. Request failed for https://jooble.org/away/-6083518712163864190?p=1&pos=16&rgn=45&cid=19881&ck
ey=Marketing+Analytics+Manager&jobAge=103&brelb=100&scr=226.3396&bscr=226.3396&aq=6671529194986752903&elckey=-517235669
6527519065: HTTP Error 403: Forbidden
FAILED: row 969 (Scout ID 995), MARVESTING / Marketing Manager: Full job description unavailable; stored excerpt is 
short. Request failed for https://jooble.org/away/7362857109959933855?p=1&pos=19&rgn=45&cid=19881&ckey=Marketing+Analyt
ics+Manager&jobAge=79&brelb=100&scr=214.74617&bscr=214.74617&aq=6671529194986752903&elckey=-5172356696527519065: HTTP 
Error 403: Forbidden
FAILED: row 973 (Scout ID 999), Alsco Uniforms / Digital Marketing Data Analyst: Full job description unavailable; 
stored excerpt is short. Request failed for https://jooble.org/desc/7355543514508821906?ckey=Digital+Marketing+Analyst&
rgn=45&pos=1&groupId=-1265189883&elckey=-5422739249722200761&p=1&aq=7612441410948704591&cid=19881&jobAge=31&brelb=15&bs
cr=627.8046&scr=627.8046: HTTP Error 403: Forbidden
FAILED: row 974 (Scout ID 1000), Pattern / Growth Marketing Manager: Full job description unavailable; stored excerpt 
is short. Request failed for https://jooble.org/away/7417118617999556153?p=1&pos=13&rgn=45&cid=19881&ckey=Digital+Marke
ting+Analyst&jobAge=79&brelb=10&scr=155.2349&bscr=155.2349&aq=7612441410948704591&elckey=-5422739249722200761: HTTP 
Error 403: Forbidden
FAILED: row 977 (Scout ID 1003), Maverik / Growth Marketing Manager: Full job description unavailable; stored excerpt 
is short. Request failed for https://jooble.org/away/-4705268455879748102?p=1&pos=4&rgn=45&cid=19881&ckey=Growth+Market
ing+Manager&jobAge=103&brelb=10&scr=600.7408&bscr=600.7408&aq=3538870083709144740&elckey=8462670301043633585: HTTP 
Error 403: Forbidden
FAILED: row 978 (Scout ID 1004), Vasion / Senior Growth Marketing Manager: Full job description unavailable; stored 
excerpt is short. Request failed for https://jooble.org/away/-3786718435587235154?p=1&pos=7&rgn=45&cid=19881&ckey=Growt
h+Marketing+Manager&jobAge=151&brelb=100&scr=464.1558&bscr=464.1558&aq=3538870083709144740&elckey=8462670301043633585: 
HTTP Error 403: Forbidden
FAILED: row 979 (Scout ID 1005), Nutricost / Marketing Brand Manager: Full job description unavailable; stored excerpt 
is short. Request failed for https://jooble.org/away/213586749168902991?p=1&pos=17&rgn=45&cid=19881&ckey=Growth+Marketi
ng+Manager&jobAge=103&brelb=10&scr=121.960014&bscr=121.960014&aq=3538870083709144740&elckey=8462670301043633585: HTTP 
Error 403: Forbidden
FAILED: row 981 (Scout ID 1007), ALEPH / Senior Demand Generation Manager: Full job description unavailable; stored 
excerpt is short. Request failed for https://jooble.org/away/7700343318247706906?p=1&pos=17&rgn=55157&cid=19881&ckey=De
mand+Generation+Manager&jobAge=79&brelb=10&scr=164.37727&bscr=164.37727&aq=4093118192251553226&elckey=-4580024965241817
473: HTTP Error 403: Forbidden
FAILED: row 982 (Scout ID 1008), Real Time Software Solutions / Senior Demand Generation Manager: Full job description 
unavailable; stored excerpt is short. Request failed for https://jooble.org/away/4859635386197635244?p=1&pos=18&rgn=551
57&cid=19881&ckey=Demand+Generation+Manager&jobAge=79&brelb=10&scr=163.69518&bscr=163.69518&aq=4093118192251553226&elck
ey=-4580024965241817473: HTTP Error 403: Forbidden
FAILED: row 985 (Scout ID 1011), Code3 / Senior Strategist, Paid Search B2B: Full job description unavailable; stored 
excerpt is short. Request failed for https://jooble.org/desc/9069310367017529918?ckey=Senior+Paid+Search+Strategist&rgn
=55157&pos=4&groupId=293747563&elckey=-1094121419619915590&p=1&aq=2440109788197484992&cid=19881&jobAge=583&brelb=100&bs
cr=11816.465&scr=11816.465: HTTP Error 403: Forbidden
FAILED: row 992 (Scout ID 1018), Confidential / Director of Digital Sales & Marketing, Online Retail: Full job 
description unavailable; stored excerpt is short. Request failed for https://jooble.org/away/8897026212594409644?p=1&po
s=11&rgn=55157&cid=19881&ckey=Director+of+Digital+Marketing&jobAge=19&brelb=10&scr=130.84268&bscr=130.84268&aq=17076370
04932810283&elckey=-8114844904171240411: HTTP Error 403: Forbidden
FAILED: row 993 (Scout ID 1019), Xterra Health / DIRECTOR OF PERFORMANCE MARKETING: Full job description unavailable; 
stored excerpt is short. Request failed for https://jooble.org/away/5353861982194102764?p=1&pos=5&rgn=55157&cid=19881&c
key=Director+of+Performance+Marketing&jobAge=19&brelb=10&scr=181.67953&bscr=181.67953&aq=-3000021701197772569&elckey=-1
692830258567519185: HTTP Error 403: Forbidden
CREATED: row 994 (Scout ID 1020): C:\Users\DCALL\Desktop\gecko\output\resumes\Dave-Call+Instrumentl+Senior-Content-Marketing-Manager+3340bc54-fd60-439d-bc37-ba302e8913ac.docx
CREATED: row 995 (Scout ID 1021): C:\Users\DCALL\Desktop\gecko\output\resumes\Dave-Call+TSMG+Digital-Marketing-Assistant+f652fcb8-efe1-4e4e-853b-b2fad391f6df.docx
CREATED: row 996 (Scout ID 1022): C:\Users\DCALL\Desktop\gecko\output\resumes\Dave-Call+Studio-McGee+Digital-Performance-Marketing-Manager+5896963387.docx
FAILED: row 997 (Scout ID 1023), Indeed / Sr. Program Manager, Performance Marketing: Full job description 
unavailable; stored excerpt is short. Request failed for 
https://www.adzuna.com/land/ad/5868725870?se=DMQS9NG48RGF96wRx_3ZQA&v=04C9E67DC003DAE119884E93016D6A1C84B2ED25: HTTP 
Error 403: Forbidden
FAILED: row 998 (Scout ID 1024), General Motors / Senior Lead, Global Performance Marketing Excellence: Full job 
description unavailable; stored excerpt is short. Request failed for 
https://www.adzuna.com/land/ad/5898234691?se=mBMiE9K48RGff9u6sZS38w&v=79BC7CD0715837EC5A8D685CA074AAD9151AD418: HTTP 
Error 403: Forbidden
FAILED: row 999 (Scout ID 1025), Backcountry.com / Paid Search Manager: Full job description unavailable; stored 
excerpt is short. Request failed for https://jooble.org/away/-5648424452222595935?p=1&pos=2&rgn=45&cid=19881&ckey=Direc
tor+of+Digital+Marketing&jobAge=77&brelb=10&scr=97.507904&bscr=97.507904&aq=-8901198656605432187&elckey=-77277546943763
74333: HTTP Error 403: Forbidden
FAILED: row 1000 (Scout ID 1026), Red Olive / PPC Manager: Full job description unavailable; stored excerpt is short. 
Request failed for https://jooble.org/away/-6292927081388940362?p=1&pos=3&rgn=45&cid=19881&ckey=Director+of+Performance
+Marketing&jobAge=101&brelb=10&scr=46.719906&bscr=46.719906&aq=-2001630155519079233&elckey=5430082176802167389: HTTP 
Error 403: Forbidden
FAILED: row 1001 (Scout ID 1027), COZY EARTH LLC / Digital Marketing Manager: Full job description unavailable; stored 
excerpt is short. Request failed for https://jooble.org/away/-9059999785753158164?p=1&pos=9&rgn=45&cid=19881&ckey=Paid+
Search+Manager&jobAge=101&brelb=10&scr=47.027145&bscr=47.027145&aq=5712648205745868747&elckey=-4076056243995719298: 
HTTP Error 403: Forbidden
FAILED: row 1002 (Scout ID 1028), R1 Roofing & Exteriors / Digital Marketing Manager: Full job description 
unavailable; stored excerpt is short. Request failed for https://jooble.org/away/2418871770665550439?p=1&pos=11&rgn=45&
cid=19881&ckey=Paid+Search+Manager&jobAge=77&brelb=10&scr=47.02154&bscr=47.02154&aq=5712648205745868747&elckey=-4076056
243995719298: HTTP Error 403: Forbidden
FAILED: row 1003 (Scout ID 1029), Digital Results, Inc. / Digital Marketing Manager: Full job description unavailable; 
stored excerpt is short. Request failed for https://jooble.org/away/4633032619769718138?p=1&pos=14&rgn=45&cid=19881&cke
y=Paid+Search+Manager&jobAge=101&brelb=10&scr=46.62667&bscr=46.62667&aq=5712648205745868747&elckey=-4076056243995719298
: HTTP Error 403: Forbidden
FAILED: row 1004 (Scout ID 1030), Children's Health Inclusion Learning & Leadership / Social Media Marketing Manager: 
Full job description unavailable; stored excerpt is short. Request failed for https://jooble.org/away/88244298418446108
99?p=1&pos=17&rgn=45&cid=19881&ckey=Paid+Search+Manager&jobAge=77&brelb=10&scr=40.627686&bscr=40.627686&aq=571264820574
5868747&elckey=-4076056243995719298: HTTP Error 403: Forbidden
FAILED: row 1005 (Scout ID 1031), Clearlink / Paid Media Specialist: Full job description unavailable; stored excerpt 
is short. Request failed for https://jooble.org/away/3767436928179251877?p=1&pos=7&rgn=45&cid=19881&ckey=Digital+Market
ing+Analyst&jobAge=101&brelb=10&scr=188.29453&bscr=188.29453&aq=-7055049924995949498&elckey=-5353480066219519453: HTTP 
Error 403: Forbidden
FAILED: row 1020 (Scout ID 1046), Extra Space / Paid Search Specialist: Full job description unavailable; stored 
excerpt is short. Request failed for https://jooble.org/away/-8702648913417143231?p=1&pos=1&rgn=45&cid=19881&ckey=Paid+
Search+Specialist&jobAge=53&brelb=10&scr=3910.1565&bscr=3910.1565&aq=7340625894405438997&elckey=5958429015639469623: 
HTTP Error 403: Forbidden
FAILED: row 1023 (Scout ID 1049), BarkleyOKRP / Senior Paid Search Specialist New: Full job description unavailable; 
stored excerpt is short. Request failed for https://jooble.org/away/-9145103158615380133?p=1&pos=4&rgn=55157&cid=19881&
ckey=Paid+Search+Specialist&jobAge=101&brelb=100&scr=3879.6133&bscr=3879.6133&aq=-8386953941378451213&elckey=-670634610
4154207339: HTTP Error 403: Forbidden
FAILED: row 1026 (Scout ID 1052), Adaptive Teams / Senior Amazon PPC Manager: Full job description unavailable; stored 
excerpt is short. Request failed for https://jooble.org/away/7508316707403391530?p=1&pos=18&rgn=55157&cid=19881&ckey=Di
rector+of+Digital+Marketing&jobAge=53&brelb=10&scr=99.26691&bscr=99.26691&aq=7822372773357348455&elckey=-89250308463078
42111: HTTP Error 403: Forbidden

Gecko Resume Queue Complete
Jobs marked Apply = Yes: 545
Skipped: 350
New resumes created: 13
Failed: 182
Rows marked X: 747, 748, 755, 756, 806, 807, 828, 842, 844, 943, 994, 995, 996
